type,value,source
domain,abstracts.cngsby.cfd,public
domain,admirable.brehmed.cfd,public
domain,adventure.lantial.cfd,public
domain,airconditionersontop.com,public
domain,alignment.econd.cfd,public
domain,artistry.cngsby.sbs,public
domain,b8-crypt0x.com,public
domain,blackangel.dev,public
domain,breakfast.ffiftringg.sbs,public
domain,clumsy-fir-mandible.glitch.me,public
domain,coinsboostbonus.top,public
domain,composure.pedancy.fun,public
domain,constructive.lantial.us,public
domain,dalopt.participates.cfd,public
domain,discovered.secamondareeng.space,public
domain,email.gov.in.gov-in.mywire.org,public
domain,encrypthub.net,public
domain,encrypthub.org,public
domain,expedient.eithert.cfd,public
domain,framework.chellor.cfd,public
domain,framework.reorget.cfd,public
domain,framework.retiont.space,public
domain,fuckedserver.net,public
domain,global-protect.us,public
domain,hot-gays-quest.life,public
domain,ht2jndn.web.app,public
domain,ity.anoneth.fun,public
domain,jeel.top,public
domain,keenram.anariding.site,public
domain,lakesandinnovations.com,public
domain,landscape.chanism.sbs,public
domain,landslide.postume.cfd,public
domain,limitedavailability-show.com,public
domain,livingscontinuations.com,public
domain,mainframe.crellar.sbs,public
domain,malwarehunterteam.net,public
domain,methodical.reorgedt.fun,public
domain,momentous.debayon.sbs,public
domain,motorcyclesincyprus.com,public
domain,myhot-cams.life,public
domain,oldoak.spindexed.site,public
domain,postindia.site,public
domain,premiumservices.approviding.store,public
domain,resonance.agained.cfd,public
domain,romancezone.one,public
domain,setting-raw-jushd.vercel.app,public
domain,simulators-and-cars.com,public
domain,slothingpressing.com,public
domain,small-inches.com,public
domain,strawberriesandmangos.com,public
domain,streamingleaksnow.com,public
domain,tavux.participates.cfd,public
domain,topawardpicks.top,public
domain,transmit.chanism.cfd,public
domain,tremendous.mcgonal.cfd,public
domain,tripplebanks.duckdns.org,public
domain,workbench.cudwork.cfd,public
domain,www.entryway.world,public
domain,your-bigprofit.top,public
domain,yourspacegain.top,public
url,https://freeimagecdn.com,public
url,https://github.com/Rekrutacja-JS/FizzBuzz,public
url,https://litter.catbox.moe/eduway.ps1,public
url,https://mia.nl.tab.digital/remote.php/dav/files,public
url,https://mvnrepo.net,public
url,https://my.powerfolder.com/webdav/utils/elzp.txt,public
url,https://planachiever.au/admin-admin/Belejrers.fla,public
url,https://planachiever.au/admin-admin/bPeMVYr142.bin,public
url,https://raw.githubusercontent.com/coder9440/drop2/refs/heads/main/faktura_586507.pdf.lnk,public
url,https://raw.githubusercontent.com/coder9540/weather_widget/refs/heads/main/SkyWatchWeather.exe,public
hash_sha1,02065BBDB3209E0522DB3225600B8E79F8A10293,public
hash_sha1,089439168D3C75B4DA94AB801F1C46AD6B9E1FDC,public
hash_sha1,0B689C5677445729C609E284E91C7048A1D8BC11,public
hash_sha1,0E282DC84D6CFD447FECE7D3ECC622523B143AA8,public
hash_sha1,151DC47B213AAEC3751FFD1427737C65757AB410,public
hash_sha1,1CC2D1F2A991C19B7E633A92B1629641C019CDEB,public
hash_sha1,1F6D6C9F3841D0477D8B38A64935E0B58E57605F,public
hash_sha1,207B7CF5DB59D70D4789CB91194C732BCD1CFB4B,public
hash_sha1,23C4049121A9649682B3B901EAAC0CC52C308756,public
hash_sha1,25A593B9517D6C325598EAB46833003C40F9491A,public
hash_sha1,2B9B740FB5FE0549810500476F567002683DF71D,public
hash_sha1,334A88E288AE18C6E3FD7FB2D1AD9548497D52CE,public
hash_sha1,36ECC371E0EF7AE46F25C137AA0498DFD4FF70B3,public
hash_sha1,3CAC6FF7CDDCB8F82409C79C85D976300FC60861,public
hash_sha1,492CBE143F795888D8E5006AC595F65F4565ED6E,public
hash_sha1,495A4B4757F3B1EEC7FDAA9D0B2930071565F2B1,public
hash_sha1,49CD96DF4C85CDD7461701340C0BB4D05A5049D8,public
hash_sha1,4AEEAE023766153A91B83D02B1B24DA20C0DD135,public
hash_sha1,4DC0EBFA52ADF9B9EB4FA8F0A359C21A14E183FB,public
hash_sha1,4DD22A08A5B103E1F2238AED7F7CE66C5A542533,public
hash_sha1,4FA2B2AB3E24EE9D130CFEDA63C7AE1CCBC393DC,public
hash_sha1,55EEAA904BC6518A2715CC77648E6C5187416A46,public
hash_sha1,6461EC3154BEC2F4DAC27B84951AB28E1287D8C9,public
hash_sha1,7AA028FD7350193BE167DC772A7EB486C9FA1C17,public
hash_sha1,81622512757F897206A84B29EE866FB933FA3D48,public
hash_sha1,8A3EA65147A156D381D8F1773E91EB8E0F6B1E40,public
hash_sha1,8DE54CAD9D6316679580C91117B484ACB493AB72,public
hash_sha1,9022F78087E1679035E09160D59D679DC3AC345D,public
hash_sha1,9B7590C4313159810443EFCC6648837519B061D6,public
hash_sha1,9DC3D272652851428F5CC44F2FD9458BFF1D6A78,public
hash_sha1,A5C36B8022751CFEB4A88A21153847DF3870C7C0,public
hash_sha1,A9BBEA73504139CE91A0EC20FEF303C68A131CD4,public
hash_sha1,AD3DBEC2B621807FA9A2F1B2F575D7077E494626,public
hash_sha1,B0BBE83895647A1EFE6843D1C619059B00F72CF3,public
hash_sha1,BE52275B0C2086735DAC478DC4F09FD16031669A,public
hash_sha1,C7C52FDAECF325DFAF6EDA14E0603579FEAED40A,public
hash_sha1,C879A8EB6630B0CD7537B068F4E9AF2C9CA08A62,public
hash_sha1,D102A34B3F0EFB57F1D9F04EFF26B256875A3AA1,public
hash_sha1,D25EAE2DE64BB604987DB27085D60F3DDF7CA473,public
hash_sha1,D67DC8C4232A3943A66608D62874923E9A3FB628,public
hash_sha1,F31920D636224356E8C7A182C2B9B37E42A09181,public
hash_sha1,FE9CA39A8C3261A4A81D3DA55C02EF3EE2B8863F,public
hash_sha1,FF6D99505C87876B613D511D8734A9379B826E1A,public
hash_sha1,FF7B2C3938306261881C42E78D0DF51D9BCDD574,public
hash_sha256,015F0FDF24A19B98447FAB5FA16ABF929C1CF9BE33E9455CE788909DD5A8DBFE,public
hash_sha256,045A1CBCC99C53C092BB61D43B89A6F7308FD01D9CEAEB9A72BBF81669DCBEF8,public
hash_sha256,04A43023637CFDEE72E1FDBF7DD38AC442BDF2779D0450E20966F68119FA5A6A,public
hash_sha256,079B7F03C727DE92C3FCB7D3B9B9FEA6D1E9FFDCD60DC9A360AF90CE7B4B5CC6,public
hash_sha256,0943B0F328282504C2661CD56E4BD83E3B3E5A4CCE89E2E5523F83A2D535A07E,public
hash_sha256,0AC748BAAAD6017E331A8D99AAE9E5449A96BA76FB7374F5D8C678AE52B7DB9F,public
hash_sha256,105303AE231B9E2FEE43C82AFAC59249593155BBF7BFDC51EDA49CB50351857F,public
hash_sha256,17A916728F5BFA2AF55565E0E73A04CBC52F4D872FB41E1A4CEDCC43C5A7A7D3,public
hash_sha256,1A0103EB4BA83B978D6F006225D6B7B80C5B21948715C0D78D3643A306D4D2E0,public
hash_sha256,1B3309C7A4C3940EFF1E1AB1905641B23EA743C4F11D82107CE36FA1EC2299E9,public
hash_sha256,1BCE694F9F811982EB01D381A69CDD56C3FA81D113E41B5ACB902EC66EC942B1,public
hash_sha256,1DB9C8C816D6D5871C463DA46C91864D780D933363B425983206B76C9DF09E08,public
hash_sha256,20DA5E4736A91EB6AA55892D1497C724FB16767DA43CCF3227DB5C9647BB0793,public
hash_sha256,287A5F95458301C632D6AA02DE26D7FD9B63C6661AF331DFF1E9B2264D150D23,public
hash_sha256,2A5F9198F1E563688A2081B746BDAF48D897EC0AE96DFAFC15CD5CD52C25E8F2,public
hash_sha256,2AEB9AECA5739EA1CB5A30D284D65E36FE18F47DB9E5E504063D982B9C3BC3E9,public
hash_sha256,2B4BC80AF0A0AFAC04DA73E7DA2779D3AB3ED8C460D2FB22D4034E1B2469F879,public
hash_sha256,3009E864D40D67F803481FD7F4F8A38F46EB5DBF0C9A0B6922C11C2121EC50C6,public
hash_sha256,33BC5FA9798219BA6D4E31F91EC23982596C409E0FD73E2C0C33C70538B7EC83,public
hash_sha256,3761060C509B9444BDD3D0E65D7F68E39FF5C52FA87FDC59DB02C1553E21E403,public
hash_sha256,405D1DCDBBA56BCE99A308734C39AC8CA62FFB55DBD69565293A79B468E4DAD1,public
hash_sha256,413DEA8EA8CB09CD3AC49531A8E0A13F767C09F78FB77856F4668377532A64EF,public
hash_sha256,43EAB8488DCE80C1086AAFDF4594B1A438347E32275ABEAA8B2BB14475FB3F98,public
hash_sha256,47DC344E945A0170C1F69CAF1CF5D63BCA22239E17F7DF1A01E6235484FA0593,public
hash_sha256,47E4142FA6AB10A2D7DC0423D41F9BDBB3CED0F4FAE5C58B673386D11DD8C973,public
hash_sha256,49A552D3ADBCAD9F5AC70151B48A4EDC2AE1D4094A1EA9D944785CEE8B4319D7,public
hash_sha256,4A75B84C305F8E8FA98641E5A57F35CB3A51887A89D1291620359C2B60882F6A,public
hash_sha256,4AB440989C4130B4BDC183C8B2C878F0E1931DC38BBEA5B8531C876202865B3E,public
hash_sha256,4E6F35AB5EB9242335BEE01D6DF9B50F665043F9930A630DF7E170B904F52A24,public
hash_sha256,5357279BAD530C3AF89713AAF6BEFE19A22E438F22952AED46097590130551FA,public
hash_sha256,5538B88EB2EFFA211A9C324B001E02802B7CCD0008B3AF9284E32AB105DC9E6F,public
hash_sha256,5752EFA219C7E42CB104917F38C146E1F747D14230BE0E64A5E87C20E82075BB,public
hash_sha256,57BA0A5BE8B2DFA2A7DA564F1C50FD277212743E33E392AF924DA6EEB997E5DB,public
hash_sha256,590512BF29E2A4A006F8CC76A931F14778F599FA14C9F0A935A16D7394E08422,public
hash_sha256,5CC0D46909BD6733DD331E2DFCEF5EF9B9A9EFB709B104C1C9A9D49026715065,public
hash_sha256,5FCD2E12723081F512FA438301690FB310610F4DE3C191C7C732D56ECE7F0499,public
hash_sha256,60F5D8EADABA230B95339011DAF4800F81E35AC721BF908F68ED8191388ADDCB,public
hash_sha256,677601F72181C53541F850248DD0904153EA62458489D7AA782149B93399EBD8,public
hash_sha256,691087EC9B50022D3E23695C0B41E2927CB4C4825A1F5FD7E2F21AE3465E8973,public
hash_sha256,6B99530953010DD8061A3A328C04C30653BBA26439DD30A752262582B0D02933,public
hash_sha256,6CA1F674E54A2D2F12C387403CBA885037EDE153E16EC4F6E1DDD216BA897215,public
hash_sha256,6DF96984D5BA709282B6C92287262BD81F980811B58B0C03B9B421BA1E580C6B,public
hash_sha256,6EA8D7B27D2A6C0E08886F55EF810D66788D973739218270AE38C126A71ED530,public
hash_sha256,6F07D75356B3698B885FF6070C338A7D96B9F761AB6350B385288842006DFF24,public
hash_sha256,70FAFD3FEFCA2FD4A061D34E781136F93A47D856987832041D3C703658D60FC1,public
hash_sha256,725DF91A9DB2E077203D78B8BEF95B8CF093E7D0EE2E7A4F55A30FE200C3BF8F,public
hash_sha256,75B0971A19E9C80EFD47B6197DCE666955E1FB0A05C152D1FE37C7E511A01DB1,public
hash_sha256,761690343F0577DF22E7130A5EFDF54EA246214395CBC94AC91AE91AAB78A76C,public
hash_sha256,7D9B41D7600C79B79E01F4E5100673BB134D5B4EA84ED8FCC9A2BE6CCC1DF4F7,public
hash_sha256,7F8BD2D63BB95D61FCBDB22827C3A3E46655F556DA769D3880C62865E6FDE820,public
hash_sha256,82B649AE0A4CFE37C2A32EC2010BF7EF0E3236B540F85C8FBF15657D48D30D84,public
hash_sha256,86E4115111E88BBAF09FE73CFC8255A4AAC64F7FFED4A3229BBC8D626566F0C8,public
hash_sha256,8833F2A6E84C91E31AE65E5AB269B362F7D4C2A2AF63D760FE5B6452B9ECBA96,public
hash_sha256,8941B1F6D8B6ED0DBC5E61421ABAD3F1634D01DB72DF4B38393877BD111F3552,public
hash_sha256,8E565BA45C7624E8BC5DD92C1D0D3710F6A2B21D6C94742BB51FEC07B4843EBD,public
hash_sha256,90B7B711F56F00A1FA08A7A29F2CD8602B8AA1A0D78986DBFC9F64E38AC6CECD,public
hash_sha256,94EE2227696DA3049FF67592834B4B6F98186F91E6D1CD1EEEC44F24B9DF754B,public
hash_sha256,95768BC40BB040D0C07C23F566CC20DF0651FC14714E617B3F4B7ED3C6B7E5DD,public
hash_sha256,9637506691705B2FFA90FF6B46FB71F11125DFFABB19F3E89FD1BFB1F4CAA223,public
hash_sha256,969C7EE8709A519C4A4878B230D4BA7F81FB9563320B5983F8F1F95D4D215ECE,public
hash_sha256,97A766DB470C44347B65A0BC282582F96A47D96ED8D7946F4DA33775D384033A,public
hash_sha256,983506186590F7118CB507D29F12F163AFB536A03E6D0F4FB441DF8AFE49EDE1,public
hash_sha256,9854322760307C04AACD78F136E4D1496950811EE2F24978915D7CD322ECB36C,public
hash_sha256,9B830C2979CBCE45573AA21D765ADDA76F52DB254155AE49648EF5050CEAF774,public
hash_sha256,9D2AAA8672D583AF4C03C23127D6CAC509799A49FF9293ED63628D5B710B7528,public
hash_sha256,9E9CA325F44EEFF4087BB67052536BA565DA18E70E5B29C79ED77C14C5548131,public
hash_sha256,A04365C2804ED63EA0CADBA4FA4FFC2E0541A09059ABC0E046EE57EF1645AB64,public
hash_sha256,AD95786B2402C6A2CC36A513937A10503AFF74E180EA1213CBFE40CA820D3B13,public
hash_sha256,AF4D26B987093BE6B442E655FFDAFA8E1542E80F6A47A6895AA523F2F180025C,public
hash_sha256,B1B3D27DEB35DD8C8FED75E878ADAE3F262475C8E8951D59E5DF091562C2779B,public
hash_sha256,B1FA0DED2F0CC42A70B7A0C051F772CD6DB76B15D50EC119307027E670998728,public
hash_sha256,B29E630B9C70B0DAABA4F83489494444C04C7A470B9C24EB4DDFFB6CD7CF05FF,public
hash_sha256,B3ED3F2BC5334E54CA8D6020D37DA0764F123FA5717638229422BD95A028097B,public
hash_sha256,B7B72D141ED56C8E5A924DFA959771548883B88E84646150447F85EB97F88E62,public
hash_sha256,B9EA588642EA77D39CCAFAB329C2F10718F2C7771E2EE77A0C6DEDA285A48DE8,public
hash_sha256,BA195A227FB76E8820D6DB36CD00C89095B88FAF01471FCDD9C0C7DE61A63A5D,public
hash_sha256,BADB915188B5292CB1A22624AA386AB0AD8279D5BD2678926123560ECFFE0E0C,public
hash_sha256,BB563180196989DCEE91417AA56D6F1BFC9320B2427536C200DFFCD784774906,public
hash_sha256,BC1B750338BC3013517E5792DA59FBA0D9AA3965A9F65C2BE7A584E9A70C5D91,public
hash_sha256,C13FB67BEEC7F1737234483AD8D333FF77DFCE804EC5C945B45FED448F272074,public
hash_sha256,C930ECA887FDF45AEF9553C258A403374C51B9C92C481C452ECF1A4E586D79D9,public
hash_sha256,CA22E7B954277659A308EF321A67516689A24C51AEA7AC3C5F2D76A583B11530,public
hash_sha256,CBB84155467087C4DA2EC411463E4AF379582BB742CE7009156756482868859C,public
hash_sha256,CBF74574278A22F1C38CA922F91548596630FC67BB234834D52557371B9ABF5D,public
hash_sha256,CD301BDC07518027567A5ED242AE2075F9F0BDF73315E99D4D949280F151FEFE,public
hash_sha256,CEDF4589428AE05D3D2DCA1D1BD7FA28F6CAFE54A077A6090F873053E04FD5CE,public
hash_sha256,CFAFC9B2D6CBC65769074BAB296C5FBACC676D298F7391A3FF787307EB1CBCE0,public
hash_sha256,CFF9C5A87B3FB5961DDF59DFA0558C5B63503F89905E2A81CCD405E333408E72,public
hash_sha256,D150D8D8BFA651C0E08A10323ECB0BCCF346A35BD1BAD19F89A5338ACD8A88B3,public
hash_sha256,DB3FE436F4EEB9C20DC206AF3DFDFF8454460AD80EF4BAB03291528E3E0754AD,public
hash_sha256,E71E6B81C46AAB4760840369E3FFE6AC80A9E6A2E62FC7E563265ED37EFD695A,public
hash_sha256,E77423214CFC184F3B41BDD539024D466BD5A94C91CFAA65D4E831410A8A8F94,public
hash_sha256,EE07759184ECAF4E0EF0A2981DCCFC5B6C4DA43A14A7BEB002AE06C95A145DCC,public
hash_sha256,EF8C99B57FF01D2267C6D946347F450BD4B92CEA56FBD0BB36F0BC9DE985FF83,public
hash_sha256,F381A3877028F29EC7865B505B5C85CE77D4947D387D3F30071159FA991F009A,public
hash_sha256,F3988F4C889E6AE79B7EBDE97A677E2ABFC89C53FFC800A8954B713D317232D3,public
hash_sha256,F4B5BF7A2501C26E1F7306AD78F7C6FB2637FDE652AA303A3A51C53C98ED3C10,public
hash_sha256,F5C97F23543E904944120EF738F300049EAE85C3B0BF8B86B346572F7BC6DEC1,public
hash_sha256,F8A607E3214F4C98E7BFF5F3822D0B0FFFA0B9035D8E17ACAC3D51F862C80C5D,public
hash_md5,0477406F83847D43A3B668CC1E75185F,public
hash_md5,09735D305B7D6F071173FE3B62B46D9E,public
hash_md5,1CE8509EABE2A293376D9B70044922FD,public
hash_md5,27927A73B8273DC796DDFC309EC8ECAF,public
hash_md5,4154C3553656E94575AEB7183969BFA0,public
hash_md5,5F2C5F7620B74D183E206817B723B555,public
hash_md5,6495356AFD05DBF8661AF13EF72AB887,public
hash_md5,8D56AC580C06BAAC327613202FDBF5EB,public
hash_md5,9C14DF330DEA5DFAAB7A4303A3296779,public
hash_md5,9F7B1AFCE9C8C7D9282C5E791C69E369,public
hash_md5,A501B4C09476B8F5AB505C6578BF9F9E,public
hash_md5,A806DF529A111FB453175ECDCB230D96,public
hash_md5,AB2D6846430B8EA18FC08CB7804FCE99,public
hash_md5,ADD1BFB2D4B4AD083DCEE40D61A12780,public
hash_md5,BC469BCDB585D8E6576FC664A6404A82,public
hash_md5,C41957F965F8C38B6CEDF44B62B09298,public
hash_md5,CA1B05B97E934511A76A744B53B8EB92,public
hash_md5,D00C86EA42958F919C702A9A416A24CE,public
hash_md5,E58E5AFA9A94BA474E465DBF919D2C51,public
hash_md5,F19542732C33F1B908365DF02A86105C,public
hash_md5,FD3FD2F6CDE9E38E92433C152892C03D,public
hash_md5,FDE874E8D442E3F0469B3D2F86A45739,public
hash_sha256,00A41C8272D405BA85AE9D0E435E3030033E8A032F3D762367D0A57D41524F3A,public
hash_sha256,0209E93D568DA3CD33F7AF9E8733DD6EB56B3957B19622126F5115F36C2433DD,public
hash_sha256,0321758329CA44F1C9F7E15A37F081DF39BA37598B1547D2F2BBC839B34F0B2B,public
hash_sha256,033DE779278ECFDEE7117D5D0A710E22EB501421E0C5F93E4EA3E82F414BBB90,public
hash_sha256,048642A4773C5B3BB0B1CBC260A4F08C5DB6C95A390971347EA5B055ED1B4DBE,public
hash_sha256,0737B47A47DEFC6051CEC713F53D8FD4D532FF0011FC94D6B01C5A525BFBAE44,public
hash_sha256,0779090496343E6365FD3A273600213E8FEA9CF77D09D6FA551114FA5A3B23C5,public
hash_sha256,0CA3239A90CC3421062090129932050F793E2FB81498711703A9D32967ABA9CE,public
hash_sha256,0CBBF7B2B15B561D47E927C37F6E9339FE418BADF49FA5F6FC5C49F0DC981100,public
hash_sha256,0D3EC88B0BFA5530E45DEC75DFBEA7AE683BDEA91105B5F90A787BEAABD1EF27,public
hash_sha256,0E25EFEB4E3304815F9E51C1D9BD3A2E2A23ECE3A32F0B47F829536F71EAD17A,public
hash_sha256,0E8569EC252CAF58F72C43358472F22786CD32685D23C882B4B2E38409CF2E47,public
hash_sha256,0F6FE5D0EE754D581D4A8D989E83272B121D0125BD3C77E57A6B14DB23F425AB,public
hash_sha256,123EC130BEB175419B0E8C8B9C4D44A7F024F7C6E7E705718E2E07AB3DD083AD,public
hash_sha256,134D02DDCC75A2D7E0E1824D430BA2E9A2A96682452FA6EC84660ED5D0A88023,public
hash_sha256,13C30F24504CB83C8F90747A51AEBC0F8FB7ED8C41FB87419B7300376CFBD7F2,public
hash_sha256,13E0AEF0AB6D218E68C5C5B6008872EB73104F161C902511AEC3DF5BCE89136E,public
hash_sha256,14B1CD92B0A95EC76B31B0C2EC498B90D82054206F1056A58844513F89BAEB55,public
hash_sha256,15A5E11EA8F416F7D27D02CE876BFA8DCD22CDEDB93764BFFC8DB4C5A922AE18,public
hash_sha256,16509ADF92B1AC3097452AFFD8DDA640936C8A40272592B978DB3698487DF5FA,public
hash_sha256,19BCCA292814942F2FE8D142A679CC6A97FA6CBF77A0C98873146E918013BB5C,public
hash_sha256,1A41AE507D6F67385E2E10F106CEDF80632F1EB42B864E722AD4C2E0D2B91ACA,public
hash_sha256,1B8D49C9481293784859223356AC9C50DBD1A8DB680D0F1D30D264DCCEB8C3E3,public
hash_sha256,1C17F14563F55BCCFB48F81882476B38887EE450126F6977F8550657CEB2E8EC,public
hash_sha256,1C8C14251710FBDEF994D9CCF1D3507CF0EF5CD6C7D3495AF2ADFE7F97CC0DC2,public
hash_sha256,1C93BA375016BCB41B915B78EB4AB023ECF456E240823A1D6D2B5297B3523956,public
hash_sha256,21504D3F2F3C8D8D231575CA25B4E7E0871AD36CA6BBB825BF7F12BFC3B00F5A,public
hash_sha256,236850AE28015CF9B0F20A677ADE5BEF2A85BEF665585C48D88CC00A823323AD,public
hash_sha256,245FDB5E35B6F51B26D4CF3999A40DDE13987240F9BF565FE03A1F6ADB9DA9B2,public
hash_sha256,27E226D57ABFB671B676EB82FE286DB0964D35FFF73C905573550052E0242176,public
hash_sha256,281FC3AFF361F202A41F4AFF84A5F61E5728FD8EA0C1219A8BCA540A959A4EE2,public
hash_sha256,28A5ACD85516B62D870BD89DF464360ECC705324C8E5266E81E7622B25C9D4FF,public
hash_sha256,291F807CC1D9A26A04DA128F3DE6D136FD0974A66C38694D0559CA884BD0D359,public
hash_sha256,2C4574FB07EB254E845EB86F76D8E353D13D671BA71B6E79C1E55485664D666C,public
hash_sha256,3FEC701B5E8486081C7062590F4FF947FCF51246CB067F951E90EB43DAD930B4,public
hash_sha256,472E685E7994F51BBB259BE9C61F01B8B8F35D20030F03215CE205993DBAD7F5,public
hash_sha256,474978A976DE1C869385D37AE422B1718918BC8CC05353A4BEBB2B75846AB74C,public
hash_sha256,4CCE28BB4390E1A653B09E9BF03AAF7867F00C3CD94B9D52F4775719112708C9,public
hash_sha256,5A0121F8DD9F391762C7F6DD525641000ED64F8A5669F14B67E56B387069D4FE,public
hash_sha256,5A3291A81D961053FCB5495973C5AA9755AE4B54A689947914489F7FB4FE7F71,public
hash_sha256,5B2AD349DD02A00BC8860294657139D681B0C786AFCBCB1FFAB77F57B01E7B00,public
hash_sha256,5BAA482AC4553B9939C49C16DA6E0F4FDA2CF9F2AE0248774214943C2D86389C,public
hash_sha256,6289EF57B1772D78DA0E54BA4730B6FC79F5EC1620FF63C3ABAEBEA70190EBA9,public
hash_sha256,62D71B61AF750AD3B763D98504A174A1949A359A4CB4F6CE2795B7B3240919EB,public
hash_sha256,67199AAA4C7C9A7002958588B1BD1B81DEECEC871933F7C88D5838DEB1C47E92,public
hash_sha256,67DDDC4CE777DF1BAA19ACB1C3535EB01A54F24516A85312BAFE4CBA11D74483,public
hash_sha256,681E9AAB60B1C64DACBC7C8574D294333B9CD4494EC683B0C780866C3E1E7D40,public
hash_sha256,693874FCF694A9A9AD04FE75D96DE7FE9EBE2E07EE1441C79AC3E8EB8AEB06B5,public
hash_sha256,6963820A6DADBA2779A4B3999C5FDE88FAF8CF2DFA55D032B307217D9A80B77C,public
hash_sha256,6A0C8D59D5D0B2BD44D81A3F3E20BCD6C515CA6BD30C3BF090BCCC4049276276,public
hash_sha256,6A79CED77846F964E877D404CB8A5C829CA6BAC0B28BD161AFD329685064C10E,public
hash_sha256,6E186ADA6371F5B970B25C78F38511AF8D10FAAEAED61042271892A327099925,public
hash_sha256,70835A8F7EA6C93942935A6F9FEF1AE4591C22E873E3B06000EF01437F2090C1,public
hash_sha256,71B900826C223CA6C73882346375434B7F29F3955E3904BD240B88FC6AB6E802,public
hash_sha256,73A6AE8331CD01DD59B8C526DF2A90771DCF9D74048DC7EA51D75A3BEACBD95B,public
hash_sha256,762525805AFE6A0891275EBC2AE1F067E9AAD8F310AFC0B1AD800CC980ED8B55,public
hash_sha256,7654E7F7076F07E76AE478C1DF65F1711918AD4F36C45F520CC46CDCB1128CC2,public
hash_sha256,76EE4DA0AF1921B820CC0913B4011BB5382EDAC958EB2592EE1C3A00A41C2041,public
hash_sha256,7919C32CF82736197CF7EA99056560C18E28F8B726A6BE8700625508524E5167,public
hash_sha256,7950CC61688A5BDDBCE3CB8E7CD6BEC47EEE9E38DA3210098F5A5C20B39FB6D8,public
hash_sha256,7AD44F7E1F78EE83F20DA498584EC7138C2514580DDFE62698BE7587AE2678E1,public
hash_sha256,7C50BE91304EE573C2BC8823F67EA4F45A1988CEB73FFE5EBCACCAF59E5C1CCE,public
hash_sha256,7DF17642229F1776A5FB8E64365D95CE345484CBADEC23332A3C00657C2F360F,public
hash_sha256,7EA77F4746F21E89DF52C9A54C12135F3F45F7A342E8B1DBA09ABF2A7E8C4F15,public
hash_sha256,802F56CC84689A68112A2CF76DDCE70E1E3956038E19BB8C58F74D5713D72A5F,public
hash_sha256,8087DB3C43840CACCB9756893CDAFF707311DC195F34DE471CC259B1B62E3411,public
hash_sha256,83024C7A9BA256A36FB9B751926170C08DD4DAA1866C119856CD091B1275897F,public
hash_sha256,83968575244AB2E44A5B94423BB1CACD10BB293DDCBBDDBC2FC117F9335B6E78,public
hash_sha256,83DAB2E356E1069FE48BFBA91E1C2CC73CE2738E2870813F9997CEE984BE583F,public
hash_sha256,846BE29C140850FD9524339ACD67EAC4B84BC59ED056544356D199226452EA88,public
hash_sha256,85F9BAC9EEFB5FBC1E51508CE12CDA10A69D8BDE82952891081B19D6833297AB,public
hash_sha256,86A22E164F96A2D194095419C746CDF12737B78AF629D251E0C881F381932A48,public
hash_sha256,86E2D56761FB4DC16C7B0CD8DA241C9899AF851F5DF751FFC67A2D68062E71F4,public
hash_sha256,86F5F088CF997766E52860B57506BA0923454A63BEE39E4E3DE2FB98C4FEE240,public
hash_sha256,8800EDC6961BE56A9D44F843D224F19B47834BD57037CFF2041B7C563D3D2422,public
hash_sha256,887189269C3594E1A851EB22F7C174A7C28618114B7DBAAB6B645F34BD809F5A,public
hash_sha256,899A46E956E82B9DA2B86EAE8CBDEC1E68521C708A87BCE1A2AE11B20538EB55,public
hash_sha256,8C89362D4BED8BD2F0FBFFC450BCA4E7666FC7A3E88EC56A5DD149593FD697EC,public
hash_sha256,8D2E3F46C71BA5F3DCB4E7A0359693765BF4D8E0152AD82906C42D9F7573C88F,public
hash_sha256,904280F20D697D876AB90A1B74C0F22A83B859E8B0519CB411FDA26F1642F53E,public
hash_sha256,91034C01E800B116095EECDB073A5262852FC2C788F9FCD09259D6C09CE88AC6,public
hash_sha256,9139646892F67F12DD2A9D2B43A7AE28F1556F5E42332EFFCF6EA17A63794A44,public
hash_sha256,9366ECE5FF9082145184ADB2E91053D5E0D68D4D9F9A9F054AAD68B8E7368443,public
hash_sha256,949EF0168D19D61CC39A369D18F5C2949686801BBEA6F7136F66CFE92FE85907,public
hash_sha256,94CA1389A8AF382E347772BB4D977AA7516EA742C99306B78C486F5104B34A1B,public
hash_sha256,953B5B7878BB2C4F40F2B131A01399C1B170731206BC09CB5A133AB996EC691C,public
hash_sha256,957DF5B8998780C50EE630AD70926BDD4EE83748EE89C3A7916E8EACE9B95D88,public
hash_sha256,995F76B1F695F92179F2EC93FD1F67D5A58753BC6D0FF00A46653D634E3000FE,public
hash_sha256,9B01625FB72BA8C3C840AB46D1EAEBCFF87A0F109F36C6744BA191EE82784981,public
hash_sha256,9B5E6C2F287EA7931BB27F63111EF0035265BC27751F01BD6C7F3DD3395BBAF5,public
hash_sha256,9D9F40C6C2DC14118452F7F1B56346E60A8681FB83300E4292576E635B37F9C8,public
hash_sha256,9F94BB59BFC32958A15CD8E225F270802BD9E14929E5D0F4F488842710A361EA,public
hash_sha256,9FE76BAD7FA4F45EF49E720DDE442F31F4C1847C7322EC09C09C5DD851F4DE38,public
hash_sha256,A042157E7460F6C28C984A1C1F3803521A556C67E26411854E497685EF436325,public
hash_sha256,A145F97523DB8F8F7C83733C217D5AF8F316FAB356B86C559DD9C33B042C38E5,public
hash_sha256,A14E226A50C12E637E8B280AD688E5637DB752C72D0F8B2BAC5F2D3D487E1C21,public
hash_sha256,A3E5337650A53D3D6CBE13B1CD32E493F0292DEC9D9483DE8F8322FE634F63C5,public
hash_sha256,A4D40396BC437933A7F097E3BA997C91C82A5F516A719F6181CA4D51FA85A7AA,public
hash_sha256,A73226550F0B97C3F25411BA62181AA011E8410DEC4A1444412F40114704D4C2,public
hash_sha256,A79679D8F9551810504FF316465FB289D1AC64DC52BCAABD70267217D33D603C,public
hash_sha256,A845CB84EA11F0FA7A982407705E892F58D7CB407EADC5329416464CCCDD6A23,public
hash_sha256,A8B0F9717BC16D48E55BE95886500179CA4B7DAD9610DD0865DBF8849901A791,public
hash_sha256,A9804FA05845707F094FE91668A5C3792F2441D371816B46FBE636953FC5787D,public
hash_sha256,A98810A2BA2427067D2412BF67F47F93E22989607D69FC17FF9AC6FC774674CC,public
hash_sha256,AB1FC7F73BF3867DFC471F9AEB815AF0D83E4E2C5EEB85365A266DAF53AF39CB,public
hash_sha256,AB6145F1EA6C8A682BEA289CEF06C0F27FA076B8F88A89A2631167541FC835E9,public
hash_sha256,AC70D98AF57D9E3DA9EE485A4AB1BADBB28E89D15C4EF2DF521423881A147E43,public
hash_sha256,ACB3954B95E3C897D5AC69A8CC09ED81AACE7B3193AA637F5CEB2A4A23204078,public
hash_sha256,AD80CBF12E5BEE38A197F7BCAFBE24983FDD3DF6915E5A33A01F0311685E8B24,public
hash_sha256,AFD83D598843F93F7CAD02BBE8467DA2F257B5344600090034BB795844F05BDC,public
hash_sha256,B0A42D1C5A07BBE317A034E204C0EB64AE5D99E3DFBFBD9B3B098CAEA4B19F96,public
hash_sha256,B32DD5D549BCF4B674B4E7CF5481064B38EA614C666B158AFEDC7084B715C1FA,public
hash_sha256,B34CC0A4EE0BFFF6D788387730A748AD9055456A648D072D436E44EF7050BABC,public
hash_sha256,B7B9E7637A42B5DB746F1876A2ECB19330403ECB4EC6F5575DB4D94DF8EC79E8,public
hash_sha256,B8ACCAA144C035C670FB3C2BF580D2FB64AB562C89835F7E30B044A8711CB5E5,public
hash_sha256,B8E1A46146C09EF54B802A6989B485EF5982A86228A24EC0839EC5AF7B42E648,public
hash_sha256,B92452A6C2CD13193A6DF88278C31C85008ACF448655C18389C84B353026D15E,public
hash_sha256,B9FEFE3946D0C9E000262A10B184090DA45925F24B7DFC9D25ABE63BC55CA7ED,public
hash_sha256,BA0105C8FA99B8F3A82C32D20E94031F22E277286B738DB529E763955DF248DC,public
hash_sha256,BA81429101A558418C80857781099E299C351B09C8C8AD47DF2494634A5332DC,public
hash_sha256,BD0DBF799E98137238AE38F134C7AF82D7FF673C0A418044ADD0220211D98A27,public
hash_sha256,BE01089AD2C2E7AF32677EC0A7A9A541DEE1CB149639D60FB7B7E9B641D2CCDB,public
hash_sha256,BF7BED4724EC1CF1DDA5AC1A1ACE33EAA52394C0EE9976ADE1BBEF17D4B1A717,public
hash_sha256,C0D1DEB30FD3507455DAE99AABF1CC23638B2BCF1908099E08081EE2691A24B0,public
hash_sha256,C160899BA65AB2C3651DCB98FA13DDDEA892F72C0AAA1FF63CB98AAC67367C56,public
hash_sha256,C348E945E1F6123BD054277D16A39DA715DEED8F5A6849BC70A57913B877E2BA,public
hash_sha256,C4D4213FF3B737FE20248362687A0CD3008B630A65B230B06FBA282379665C83,public
hash_sha256,C56C88CE8E45A9CAA043F1F4831442F09BAE6F1A083910F772AFC1E27BE3B606,public
hash_sha256,C6373D61B5C4F12E2D88CE6A326F655B86393ED206BA710F8E67730667B5FF4E,public
hash_sha256,C64554C29D798E6006AA5845DA7252F18C01E305F61071E314A23AB143ED73F8,public
hash_sha256,C6A28C9CAC9C4B5EF57998BDC7A7F430FFF7C9AC819FEF278F8350751B6EDAAB,public
hash_sha256,C85F1325590EE8600759334D3A2C807EAE599EFF4A4255DAB0F59C31667E6BDD,public
hash_sha256,C8A636D150A0045EB799CCC7C5E2FA46156F3F72167B9E49456A358E484EAC8B,public
hash_sha256,C91841BD675C5A02D577567BAA3A71BE3CD37FDB59412F133A3773DE6EE10602,public
hash_sha256,CB6458227F8B4B3EDBAC12BEF66EDD5B0D8D3712637A6C77DB67040360897023,public
hash_sha256,CD229D29EF929FEB9A74A6B265FD26CAA3FD5BE2D2150BA359336307799872BE,public
hash_sha256,CD385806117EBE1504AF4669671B4C0A252FAEC873E1402AAEBEB413FDD58556,public
hash_sha256,D00CA82A32B5E8063492F27DFEC225B0888CD6135DB3E2AF65BE3782BBFA16E5,public
hash_sha256,D0E8A91AF95D62DC58DBFD64970F1B255C6BFFEDEAF21B3E6EC4E89496F6C67A,public
hash_sha256,D31EB16688D1B36652E87D43AD5755D139EEDD74B500DDCEE97A5545D8D1FE7B,public
hash_sha256,D34947E11879598B85D9BAA703CB96A83D7C3CCB53868AB86FF9A2F37DC91459,public
hash_sha256,D3CDB6765D1D043CB78DBE520F4C678DF37BEBA3B19B7F7E894F2A6FE29A821B,public
hash_sha256,D4FBC5702731A01D96CBAA21BD60333F1D03A994ADB5B931687281282C938F12,public
hash_sha256,D692C85DA91BB5E5724F520CA392B68EEE144A3719A7441C779C8CE73D3B25DC,public
hash_sha256,D73BAC6E8A5679394152BB33E64FBE5840FF13953B9CA024003A5045DCE715AE,public
hash_sha256,D7C0655C6F1DB4ACB14BB4C1DDEC34CE8F3849C9E0BF9E28D28C8F1C00121FD7,public
hash_sha256,D83A837910305567ACFD49D2D416FC4B113F080E31730C9B0ABEFA4B01192A40,public
hash_sha256,DC02CFEBBC64D6DBCC3A1B1A2CC91CB763C0BE9A72AC141C2F06DB74AA56CFE7,public
hash_sha256,DC92D2870219833832EA758AFCB19C285F65BF3A6A3ACE225B499F744D6063A4,public
hash_sha256,DED42E37F05950374496824CE3F4D540A45E97BE35ED6D7DDCFCF12A7B2CD46F,public
hash_sha256,DFBB857E6383789545C719C99D878A678A0AEAE2A6A1C8F44E87B7AA478FC354,public
hash_sha256,E03062CAA13400DF3D60EFB1AA2B0F19DCF65FEFC38D4BC9931C0918B5DC4865,public
hash_sha256,E13C9EB1AA911B21615C7496F5C0F14E133D96D20E7D7F24E97E8519D50A17D1,public
hash_sha256,E299B865CDB0FDD9605E3C5E9D00FB473C77AF4ED213775D594CC0FE91B8DD3A,public
hash_sha256,E2CDD7EB0EA24C22D1E3DFEA557A5A47DFDCD7C6B00B05BD5D099E0C8633AC25,public
hash_sha256,E3465C996E149B218D95A4B109E6E3FF268E8D63AAFA73D4855750B33C66A33C,public
hash_sha256,E3C3981F65663C9923DA9CA28C20951543AE3796BD39F86964769490B01C2BD7,public
hash_sha256,E6141757775CE9747B12F21CC7F8411E5AB4916649F38738F4E93B2CA7CC274A,public
hash_sha256,E6578BB7B88BF08A35BA4B0F2DD75AF32E8FE65D33D329CA5BEAF8A8CE29D7E1,public
hash_sha256,E6DF89BB9D51817FFF1B7704E70D406584D80839E1BB1CB319C4150015B84914,public
hash_sha256,E88700D069A856E1A16C0DA317A6F18FA626DD2D46DCBEE1A7403D2E2D9ED097,public
hash_sha256,EB8DA26034035F08946ACB6FC127E3B2DB884A024A61AEA99397C46AEDC70145,public
hash_sha256,ECF7E135BCDCAD3274E94C6AB918B683DA619E91A9E0C68BD8D6355B33BFC5DA,public
hash_sha256,EE8385313E03890C6862F70C94F2C5A3E9CD09764FCAC4488FABC5CE9613228A,public
hash_sha256,EF0B2E0C337E11A94279025F9CDEBA519D1AEE7C1AF3013053FE510955E2AA85,public
hash_sha256,EF9F49F14149BED09CA9F590D33E07F3A749E1971A31CB19A035DA8D84F97AA0,public
hash_sha256,F028C4086990756EE37DEE303015053C73EC1C4D358E3A6A50B3E88A6C7FFE8E,public
hash_sha256,F06702618720DF5BD9B12EE68FA6B498CACEA0CE162CD92267748A6DEDE6F789,public
hash_sha256,F0CD90B42969706D1A78E75608ADED6D5AC8610F36CAB8F8BE7160C5CBF485A5,public
hash_sha256,F1B4EB84E77E39803A0463B49B66600ADB19347512354D0481568A8411B75B24,public
hash_sha256,F4B4411E403DD5094EEF9C8946522FC9A99CF1676C8DE5926B3C343264B126E6,public
hash_sha256,F76DFAAB6E248D88241A17B5A58FD2405D0D1954364BCE9144156EBA3904DD6A,public
hash_sha256,F827228165291851E5FDC5D06219BD30877050C7C7A17672066984487B3F1200,public
hash_sha256,F92493BF2B46873FEEE38EA2DAC69FF830637983D569B64EE87E75F7FE08DE88,public
hash_sha256,FB8D4C24BCFD853EDB15C5C4096723B239F03255F17CEC42F2D881F5F31B6025,public
hash_sha256,FBD030B53088A536D7E6B6A80E4767C097FBFCB11A921DD7C0FA938322F96842,public
hash_sha256,FD1720B11DDD7AE226889DECA9A6532DF676A4991F0209C0A3D6D7BE52276DCF,public
hash_sha256,FD3637392404C3ED169A4999F6A05274715109F9FA028BE9AD9CE7853D983D54,public
hash_sha256,FDF0EA5D761352791545B1AF0223853B31592996600C4EE5F1122E546C6165D3,public
hash_sha256,FEB5D225FA38EFE2A627DDFBE9654BF59C171AC0742CD565B7A5F22B45A4CC3A,public
hash_sha256,FF26B2CC11696D5931757CC6BDAFB1163F48B7F41F17D1E593EA3EE9F5176E2E,public
hash_md5,10659B392E7F5B30B375B94CAE4FDCA0,public
hash_md5,42565C1C9ECEDD937439713E20838B3A,public
hash_md5,4628A501088C31F53B5C9DDF6788E835,public
hash_md5,5012B9D97848CAFC2D5A55EA098C7D3C,public
hash_md5,5E2814800CBE66281511AE5DFA62A94E,public
hash_md5,6E01EF1367EA81994578526B3BD331D6,public
hash_md5,713091980135A30A452B34026D949890,public
hash_md5,718EDC4D574DF0ACCD3BA7591A43EDDF,public
hash_md5,8B3A077339CD75A313A531798852A352,public
hash_md5,BD8CE6BD59B1F648E0AC38E575780453,public
hash_md5,CAAD49BC4C408E6AF8AEA813CEC6CB0B,public
hash_md5,CE2B6A554AE46B5EB7D79CA5E7F440DA,public
hash_md5,D82A372D3F9EE28B34F0F8299D7A5132,public
hash_md5,E5192258C27E712C7ACF80303E68980B,public
hash_md5,FD87E203C4867C688024175AEEE0092F,public
hash_md5,FF20FD3228162A71EFA8C4B3786B4C3E,public
domain,439068665-atari-embeds.googleusercontent.com,public
domain,504e1692.host.njalla.net,public
domain,7kcdeekd2agaz3andbd9alja.com,public
domain,api.camdriverhub.cloud,public
domain,api.camdrivers.cloud,public
domain,api.camdriverstore.cloud,public
domain,api.drivercamhub.cloud,public
domain,api.driversnap.cloud,public
domain,api.driverstream.cloud,public
domain,api.provideodrivers.cloud,public
domain,api.vcamdriverupdate.cloud,public
domain,api.videocarddrivers.cloud,public
domain,api.videodriverzone.cloud,public
domain,api.vidtechhub.cloud,public
domain,api.webcamdrivers.cloud,public
domain,assessiohq.com,public
domain,blockchainjobassessment.com,public
domain,blockchainjobhub.com,public
domain,candidateinsightinfo.com,public
domain,ciacontactofficial.com,public
domain,ciacontactru.com,public
domain,ciacontacts.com,public
domain,ciaform.com,public
domain,ciagov.icu,public
domain,ciagov.info,public
domain,ciagov.live,public
domain,ciagov.ltd,public
domain,ciagovlgmxiyo7qapr6km536svznpsygmqdeen5hpg5xce7b4zav54ad.onion,public
domain,ciarucontacts.com,public
domain,cirkus-novosibirsk.ru,public
domain,cirkus-novosibirskiy.ru,public
domain,coinbase-walet.biz,public
domain,coinbase-walet.me,public
domain,collection-xyz.live,public
domain,competency-core.com,public
domain,contact-cia.com,public
domain,contactcia.com,public
domain,dbliker.top,public
domain,devchallengehq.com,public
domain,eskillprof.com,public
domain,evalassesso.com,public
domain,evalswift.com,public
domain,evalvidz.com,public
domain,hochuzhit.life,public
domain,hochuzhitlife.com,public
domain,intervwolf.com,public
domain,jagotov.icu,public
domain,jagotovoff.com,public
domain,legiohliberty.army,public
domain,legion-liberty.com,public
domain,legion-libertys.com,public
domain,legioncontact.com,public
domain,legionliberty.army,public
domain,legionliberty.cc,public
domain,legionliberty.com,public
domain,legionliberty.icu,public
domain,legionliberty.info,public
domain,legionliberty.top,public
domain,legionlibertyfree.com,public
domain,legionlibertyready.com,public
domain,legionlibertys.army,public
domain,legionlibertys.cc,public
domain,legionllberty.army,public
domain,legionsliberty.army,public
domain,libertylegion.cc,public
domain,livehirehub.com,public
domain,njalla.net,public
domain,quickassessio.com,public
domain,quickhire360.com,public
domain,quickinterview360.com,public
domain,quickskill-review.com,public
domain,rdk-contact.com,public
domain,rdk-official.com,public
domain,rdk.social,public
domain,rdkcontact.com,public
domain,roofcolor.com,public
domain,rusvokcorps.cc,public
domain,rusvokcorps.com,public
domain,rusvolcorp.com,public
domain,rusvolcorp.net,public
domain,rusvolcorps.icu,public
domain,rusvolcorps.net,public
domain,ruvolcor.com,public
domain,ruvolcorps.com,public
domain,skillhiretrack.com,public
domain,skillprooflab.com,public
domain,store.azure-clouds.com,public
domain,t01.muletipushpa.cloud,public
domain,t02.muletipushpa.cloud,public
domain,t03.muletipushpa.cloud,public
domain,t04.muletipushpa.cloud,public
domain,t05.muletipushpa.cloud,public
domain,t06.muletipushpa.cloud,public
domain,t08.muletipushpa.cloud,public
domain,t10.muletipushpa.cloud,public
domain,t11.muletipushpa.cloud,public
domain,t12.muletipushpa.cloud,public
domain,t13.muletipushpa.cloud,public
domain,t14.muletipushpa.cloud,public
domain,t15.muletipushpa.cloud,public
domain,ta01.muletipushpa.cloud,public
domain,talentcheck.pro,public
domain,talenthiring360.com,public
domain,talentview360.com,public
domain,toptalentassess.com,public
domain,ugethired360.com,public
domain,vid-crypto-assess.com,public
domain,vidassess360.com,public
domain,vidcruiterinterview.com,public
domain,vidcruitermaster.com,public
domain,vidhirehub.com,public
domain,vidintermaster.com,public
domain,www.hochuzhit.life,public
domain,zenspiretech.com,public
hash_sha1,0B907EEE9A85D39F8F0D7C503CC1F84A71C4DE10,public
hash_sha1,85198288E2FF1DAD718CD84876A0B0D3173A641E,public
ip,109.172.88.16,public
ip,138.197.212.204,public
ip,138.201.247.154,public
ip,138.68.140.83,public
ip,149.202.87.176,public
ip,152.32.202.213,public
ip,178.128.19.209,public
ip,185.217.131.229,public
ip,198.199.109.204,public
ip,2.56.126.188,public
ip,209.141.37.95,public
ip,37.27.199.65,public
ip,45.175.75.254,public
ip,5.189.140.128,public
ip,5.196.88.152,public
ip,68.183.238.15,public
url,http://154.62.226.22:8080,public
url,http://38.134.148.218:8080,public
url,http://72.5.42.93:8080,public
url,http://94.247.42.253/pilot.php,public
url,http://www.roofcolor.com/wp-includes/js/src/list.php?,public
url,http://www.roofcolor.com/wp-includes/js/src/upload.php,public
url,https://cashraven.online,public
url,https://cashraven.online/CashRaven.apk,public
url,https://solphoton.app,public
url,https://solphoton.io,public
url,https://solphoton.io/PhotonSol.apk,public
url,https://w2cc.pnkptj.ru/kella@aok5y,public
url,https://www.acschoolcatering.com/libraries/src/inc/get.php?,public
url,https://xdjhgfgjh.run/injects/ServiceName.txt,public
url,https://xdjhgfgjh.run/injects/html,public
url,https://xdjhgfgjh.run/injects/htmlPIN/android.Passcode.html,public
url,https://xdjhgfgjh.run/injects/htmlPIN/android.Pattern.html,public
url,https://xdjhgfgjh.run/injects/htmlPIN/android.PinCode.html,public
hash_sha1,09EC44B6D3555A0397142B4308825483B479BF5A,public
hash_sha1,0DE065D58B367FFB28CE53BC1DC023F95A6D0B89,public
hash_sha1,13DE9FCD4E7C36D32594924975B7EF2B91614556,public
hash_sha1,2322964EA57312747AE9D1E918811201A0C86E9C,public
hash_sha1,253684EA43CB0456A6FEC5728E1091FF8FCB27CF,public
hash_sha1,36B4E424CE8082D7606BB9F677F97C0F594F254D,public
hash_sha1,3A443C72995254400DA30FE203F3FBF287629969,public
hash_sha1,3A7CC815B921166006F31C1065DADFEB8D5190E6,public
hash_sha1,4D24DD5C166FA471554ED781180E353E6B9642B7,public
hash_sha1,51EC20E5356BBEBD43C03FAAE56FCA4C3BBE318E,public
hash_sha1,55AFFC664472C4657C8534E0508636394EAC8828,public
hash_sha1,5620B527DFC71E2EE7EFB2E22A0441B60FD67B84,public
hash_sha1,5FDE3180373C420CFA5CFDEA7F227A1E1FE6936C,public
hash_sha1,62E66BAE4B892593009D5261D898356B6D0BE3EF,public
hash_sha1,6B65C296D9E1CDA5AF2F7DAB94CE8E163B2A4CA8,public
hash_sha1,6C56B986893DD1DE83151510F4B6260613C5FBB9,public
hash_sha1,6F342FF77CD43921210D144A403B8ABB1E541A8B,public
hash_sha1,7129194C63AE262C814DA8045879AED7A037F196,public
hash_sha1,71464C4F145C9A43ADE999D385A9260AABCBF66D,public
hash_sha1,730192B0F62E37D4D57BAE9FF14EC8671FBF051E,public
hash_sha1,769AA6AB69154CA87CCBA0535E0180A985C21A0C,public
hash_sha1,76AAB3AB0F3F16CF30D7913FF767F67A116FF1E7,public
hash_sha1,853FDE052316BE7887474996538B31F6AC0C3963,public
hash_sha1,94034E04636BC4450273B50B07B45F636FF59B05,public
hash_sha1,9D43494C6F87414C67533CCE5EC86754311631FC,public
hash_sha1,9F6ED2427E959E92EB1699024F457D87FA7B5279,public
hash_sha1,AA72065673DC543E6BF627C7479BFE8A5E42A9C4,public
hash_sha1,AAC26242F4209BC59C82C8F223FCF2F152CE44BC,public
hash_sha1,B643A1F2C4EB436DB26763D5E2527F6BEBE8BCBF,public
hash_sha1,BBD754E36AEE4702B9F20B90D509248945ADD4EA,public
hash_sha1,CB194612ED003EAF8D8CF6ED3731F21F3EDEB161,public
hash_sha1,CC63EE921C29F47612096C34D6EE3EF244B33DB2,public
hash_sha1,E12C6911997D7C2AF5550B7E989F1DC57B6733B8,public
hash_sha1,EAE675812C4274502051D6F2D36348F77A8464A0,public
hash_sha1,F1C7C5D0870FD0ABB7E419F2C2BA8DF42FA74667,public
hash_sha1,F2E71C9CBC4A18482A11CA3F54F2C958973360B4,public
hash_sha1,FB7FDCC2FE11E95065A0CE9041348984427CA0F4,public
hash_md5,0690116134586D41A23BAED300FC6355,public
hash_md5,0A67BFDA993152C93A212087677F9B60,public
hash_md5,0E57890A3BA16B1AC0117A624F262E61,public
hash_md5,0EB9E8BEC7CC70D603D2D8B6EFDD6BB5,public
hash_md5,1D65FA0457A9917809660FFF782689FE,public
hash_md5,32A44A8F7B722B078B647E82CB9E85CF,public
hash_md5,46923E10DB90BDE295960851245F199A,public
hash_md5,53EEBEDC3846B7CF5E29A90A5B96C803,public
hash_md5,57C2F8B4BBF4037439317A44C2263346,public
hash_md5,589A65E0F3FE6777D17D0AC36AB07F6F,public
hash_md5,7637CBFA99110FE8E1074E7EAD66710E,public
hash_md5,83CE6EE6AD09A466EB96F347A8B0DC20,public
hash_md5,8CEEEEC0E33026114F028CBB006CB7FC,public
hash_md5,93D048364909018A492C8F709D385438,public
hash_md5,97C3328427B72F05F120E9A98B6F9B09,public
hash_md5,9D189E06D3C4CEFDD226E645A0B8BDB9,public
hash_md5,A2DC9654B99F656B4AB30CF5D97FE2E1,public
hash_md5,A5410B76D0CB36786E00D2968D3AB6E4,public
hash_md5,B45AA156AEF2AD2C77B7C623A222F453,public
hash_md5,B5E71FF3932C5EF6319B7CA70F7BA8DA,public
hash_md5,C952ACA2036D6646C0CFFDE9E6F22775,public
hash_md5,CF6681CF1F765EDB6CAE81EEED389F78,public
hash_md5,E165114280204C39E99CF0C650477BF8,public
hash_md5,EE6E0FC26E94E5B2E52D57AC035B36FF,public
hash_md5,EF40F484E095F0F6F207139CB870A16E,public
hash_md5,F404496ABCCFA93EED5DFDA9D8A53DC6,public
domain,account.microsoftonline.com.ec,public
domain,akirateam.com,public
domain,axisupdate.com,public
domain,axisupdating.com,public
domain,bafanglaicai888.top,public
domain,beservicewrap.pro,public
domain,cloud.iscreenconnect.com,public
domain,cloud.screenconect.com.mx,public
domain,cloud.screenconect.eu,public
domain,cloud.screenconnect.app,public
domain,cloud.screenconnect.cl,public
domain,cloud.screenconnect.co.com,public
domain,cloud.screenconnect.co.za,public
domain,cloud.screenconnect.com.am,public
domain,cloud.screenconnect.com.bo,public
domain,cloud.screenconnect.com.cm,public
domain,cloud.screenconnect.com.ly,public
domain,cloud.screenconnect.com.ms,public
domain,cloud.screenconnect.com.ng,public
domain,cloud.screenconnect.com.ph,public
domain,cloud.screenconnect.com.se,public
domain,cloud.screenconnect.com.so,public
domain,cloud.screenconnect.com.vc,public
domain,cloud.screenconnect.de.com,public
domain,cloud.screenconnect.gr.com,public
domain,cloud.screenconnect.is,public
domain,cloud.screenconnect.jpn.com,public
domain,cloud.screenconnect.uk.com,public
domain,cloud.screenconnect.us.com,public
domain,cmc.egovservice.in,public
domain,cpanel.egovservice.in,public
domain,cpcalendars.egovservice.in,public
domain,cpcontacts.egovservice.in,public
domain,dacmj.top,public
domain,drjagrutichavan.com,public
domain,dss.egovservice.in,public
domain,e-zpass.com-etcjr.xin,public
domain,e-zpass.vipsm.xin,public
domain,e-zpass.vipss.xin,public
domain,e-zpassny.com-etkh.xin,public
domain,educationportals.in,public
domain,egovservice.in,public
domain,ezp-va.com,public
domain,fdtya.top,public
domain,firstpageprofs.com,public
domain,fl-pass.com,public
domain,fl-road.com,public
domain,fsdlaowaa.top,public
domain,gadchiroli.egovservice.in,public
domain,getkira.info,public
domain,go-servicewrap.com,public
domain,gogoservicewrap.com,public
domain,goodtogo-wa.com,public
domain,goservicewrap.com,public
domain,gov-pa.com,public
domain,gtgwa.com,public
domain,hgcks.top,public
domain,huntersinternational.net,public
domain,huntersinternational.su,public
domain,ilroad.com,public
domain,iltolls.com,public
domain,joinnowkira.org,public
domain,joinnowservicewraps.pro,public
domain,joinservicewrap.com,public
domain,joinuseakira.com,public
domain,jygst.top,public
domain,kiraone.info,public
domain,kmyjh.top,public
domain,ks-drive.com,public
domain,ks-lane.com,public
domain,kyudfsaugsda.top,public
domain,lane-ks.com,public
domain,lane-pa.com,public
domain,letsgetcustomers.com,public
domain,link-pa.com,public
domain,loveservice-wrap.com,public
domain,mail.egovservice.in,public
domain,microtik.net,public
domain,mkstq.top,public
domain,modspaceinterior.com,public
domain,mskisdakw.top,public
domain,mybkira.info,public
domain,mygood-2go.com,public
domain,nhp.mowr.gov.in,public
domain,npkms.top,public
domain,ntc-ftth.net,public
domain,ntc-mobile.com,public
domain,oh-route.com,public
domain,onlyforyoursite.com,public
domain,ophgfhfg7.com,public
domain,pa-plate.com,public
domain,pakola.egovservice.in,public
domain,pakora.egovservice.in,public
domain,pass-fl.com,public
domain,pen.egovservice.in,public
domain,pknby.top,public
domain,plate-pa.com,public
domain,pmumail.com,public
domain,sakiw.top,public
domain,searchengineboosters.com,public
domain,service-wrap.com,public
domain,servicewrap-go.com,public
domain,servicewrap.pro,public
domain,servicewrapgo.com,public
domain,servicewrapone.com,public
domain,tbgram.org,public
domain,telegramrouter.org,public
domain,telegramtor.com,public
domain,theakirateam.com,public
domain,toakira.pro,public
domain,toll-va.com,public
domain,tollwa.com,public
domain,topservice-wrap.pro,public
domain,topservicewrap.com,public
domain,tx-account.com,public
domain,tx-road.com,public
domain,txtag.vipnd.top,public
domain,txtag.vipnu.top,public
domain,txtag.vipsf.top,public
domain,txtag.vipso.top,public
domain,updates.biossysinternal.com,public
domain,updates.widgetservicecenter.com,public
domain,usekiara.com,public
domain,useproakira.com,public
domain,usethatakira.com,public
domain,va-ez.com,public
domain,va-lane.com,public
domain,va-route.com,public
domain,va-toll.com,public
domain,wa-gtg.com,public
domain,wagood-togo.com,public
domain,wagtg.com,public
domain,wantkiara.info,public
domain,wearetherealpros.com,public
domain,webdisk.egovservice.in,public
domain,webmail.egovservice.in,public
domain,wejoinkir.vip,public
domain,wethekira.shop,public
domain,wetheservicewrap.pro,public
domain,ws-dot.com,public
domain,ws-gtg.com,public
domain,www.cmc.egovservice.in,public
domain,www.dss.egovservice.in,public
domain,www.egovservice.in,public
domain,www.pakola.egovservice.in,public
domain,www.pakora.egovservice.in,public
ip,109.172.85.126,public
ip,157.240.0.18,public
ip,158.160.141.169,public
ip,185.12.127.116,public
ip,185.185.68.40,public
ip,185.185.69.129,public
ip,192.185.35.253,public
ip,199.59.150.45,public
ip,3.73.33.225,public
ip,31.13.84.34,public
ip,37.120.239.187,public
ip,45.142.44.203,public
ip,45.142.44.36,public
ip,45.8.228.240,public
ip,45.91.8.229,public
ip,89.44.9.186,public
ip,91.149.237.54,public
hash_sha256,01194208095F4D6945A080583CFAB1751124C624A57512C32CFDF7FDB696FF39,public
hash_sha256,04A2A43AE1005D5DCBAB6E6749D33E24F52A8CA2F891667462D86D40930DB47B,public
hash_sha256,05E6706FE3D060DFC1FD480CEFD5726CAEA3E33F4730F339646684AF9C279D61,public
hash_sha256,0A4777725673F9F7114DDCEDDD80E5A72AD3A4D20FD2014D4C60E2CC1A6CEFC2,public
hash_sha256,0B85AF6D9A84E4253923F7F79B7FFEC7D3050A91830A3F826F1B7BDA13FB7327,public
hash_sha256,0C6D823ED37340809A9D0160BDF9BF5E988D32AB8E7FEE1FAA1E23D8D4A1DC5D,public
hash_sha256,0C76553235C38D616F08CEA0E23023BDD8C3B50E553E30273C7DE2EC09D48A32,public
hash_sha256,0D7E68F13CBFB94E51C8F17D911723D6AA5694B92153E6B3A2C2423C5FA9A1BB,public
hash_sha256,115853B1822C373672D841AC802322C7E2401C7BA75F73E0553D9F897E91E4D4,public
hash_sha256,11BF5F21E6ADA8D11D4ABE1C734597307C871A551F6812015DA70ABC7B00AF37,public
hash_sha256,1235BF9C1B0D2A54E451B512AD34A81774D637AE58436416388FB3B7F901AD6E,public
hash_sha256,14E196E089014313C9FA8C86CE8CFFB1C7ADACD7D1DF7373D97B30D31B965DF9,public
hash_sha256,16BB93BF8E92FD97FD68BCA37D1CC1634785AD5A165F6C755DAD74F5A0A0D210,public
hash_sha256,19CEBEEBDBD950EA24E4D3A52BFDE6E570A9AC29D31E97CB8C01894C4FA9014B,public
hash_sha256,1BBD4262C8821A0290FE40A8E374C6E5FA2084331670EDE42E995D3D5902EFCD,public
hash_sha256,1DC1D8CCB2CA280EF9083C334432909D2A9F86ECA225252A3E9A4708ADC98931,public
hash_sha256,1F43BB43970E05F79C3ABE6F79A428909D1A2F587605979D621345351F2F0BC0,public
hash_sha256,20C31AC326B5C6076F9B1497F98B14A0ACD36FF562DFA2076589A47A41D0E078,public
hash_sha256,20E3C6BAF50ADB0AE00D83A146D0E28B6D0A282F311F7240873E00FC89E65B97,public
hash_sha256,21C832F9D76B8AE74320B8FAC811A761F09F871EE32C9AB1C8FB1492B95A7D04,public
hash_sha256,24885B72DC3CE5CC1530FD003BCBFB108D311DE1A4CE828CB7CDC2411E705337,public
hash_sha256,24A60E50ED8469FC31AFA9ABFC361291F72922430CF062BF9C4AC7E6D84B5FAD,public
hash_sha256,26121C26958E8018DEB4B2AD3FA10EF6485787D9AD56A0DE5FAFDA89D5EFEF4F,public
hash_sha256,27BFB19E2205709F37B94B5341EC6EA9050092D84C6663EE8CC87B1BB62376A6,public
hash_sha256,28F130CC253D8B1CD95479143E9B0819EB1F2744097A996C41B82A1851206068,public
hash_sha256,2930AD9BE3FEC3EDE8F49CECD33505132200D9C0CE67221D0B786739F42DB18A,public
hash_sha256,2A96CF4E7D0BF873760E8082B426F9E1197109C70027CD688453DE566FE35851,public
hash_sha256,2B4AA36247DA1AF1DE0091E7444FBF8F829D133743BB3B931618C66BBD10D10B,public
hash_sha256,2B68D736F39741C6AB7EEA939174E72A2F85FA105F3F2585B853A4FB72E605EE,public
hash_sha256,2E38F3413F88B38AC5F958DE12E6FEC37DD53DE3F8FB1644172E112346E5EDE2,public
hash_sha256,2E9FB32DF9B7E36C32A6348F201655F3CC6E1843D4FBCD93174743EC64897E70,public
hash_sha256,32AD908A32FCB319FB228B9A73F64D691716660281E40D27F432AADDF4566008,public
hash_sha256,373087927E758931052139A07294365AC4392809A2E786A3141A728BF0366B3E,public
hash_sha256,386DA5129932CFF17210FF8E635C6D03D371E01A94C6E494FA1C237066F86289,public
hash_sha256,3AA4FAC350BC2FAD58360A1864FAE7DB417E4B85B921CAA98B67C9235EF0A49C,public
hash_sha256,3C6C0ED1FF12B5489A6838B7A9D4AB84BB8E2B5F0B46FB093B39B0F030B5EF16,public
hash_sha256,3F2287CAA07C1238E2E61E47F5CC3F91AD739636A84FBBD86D03C2D16DAF36CB,public
hash_sha256,3FB083A248E44DCE1AA67926D0FE42542822C57E19921CB566E1E85A5284DDE2,public
hash_sha256,40E68D7240E692EF3301CFAA92A04E0AF65F2D725CBFA6711C3154B627FEC0F1,public
hash_sha256,4149B07D9FDCD04B34EFA0A64E47A1B9581FF9D1F670EA552B7C93FB66199B5F,public
hash_sha256,42D079446C0A24B4334CB9C8B72623A75ED7ADED959AC38ECD97D098067E4A04,public
hash_sha256,444CE0318560454C4366CF4C112AB9912ADBA124BB8C29697AC3D344BEFCB7E6,public
hash_sha256,47E16F032D879CC27592F77230C9F6363E7929A03F3AA60FB409EE1F08BCB773,public
hash_sha256,482EB4AA6DC6F873063B7B6B5378BD052298CC6F8E60B6A5DDC9BEBA56D0B05F,public
hash_sha256,4856D592F80E83E841E057B95DC30B2FC901716228644EAE5280FD5595C1FACA,public
hash_sha256,489CBF0ED2DF2871D265B72E049240DBB6AF527F46FD8A75056CBAF5DD2426FF,public
hash_sha256,4A3E98DDCE8702D0C680AC316D8EDAC8CF94A613720D918EF252651051CCCCFA,public
hash_sha256,4A6AA3A0E586EA8D2A4E55BE90C96CF08B041B6D0FA5B57C66559E3073EF5D0F,public
hash_sha256,4BDAA2E9BC6C6986981D039B29085683ED36B5C2549466101A81AD660281465C,public
hash_sha256,4BDDF4A85A59B41AE693BEC7995281F56BA4DAF927191BC09A3A4579FFE96630,public
hash_sha256,4D1D80A4B4AAE5D93206369775689020BA7DD31426B20D190F44738C61B55099,public
hash_sha256,4EBE2D1EFD0C14C88F9CA00B90E9961CB7F08EA6B341C46D3335C947841D7A8E,public
hash_sha256,4FBA83A8BBA564DA0BD08F9C120D43694CB5C25657B558A9DE440426FFFB0CC4,public
hash_sha256,50E3EC3A618B59F503C6A8CDB07C89E8D648101311409A32382652F7F928F514,public
hash_sha256,526A9CEAFF2EE12EA7CD6C1EC0C9EF31A9F5C7EC6A65FAB66114826D43920F77,public
hash_sha256,530185FAC69E756FB62F23E21E7C0B0828A964B91BBF40F1D04FC2136C1B6DD1,public
hash_sha256,566609E0E042B611C9D929CB94BE4B5A17E7DBB884B4EBD2E0D68ADC9FA6BF73,public
hash_sha256,574567AB261128F235D52148C907D116CB2F5B19D140D6A50900C786DDB8AC42,public
hash_sha256,58B38775F655498B134CE8CD52AB0ABA05B710F7611E41CBDFFDC3597C5D5F3D,public
hash_sha256,5B7A8035F90B4091A212EBA0EC436584A36C927F71208AC3141311A4A96DE6C1,public
hash_sha256,604C958C40A3E1630FA8A596B97E5294286FFA967DBE6136EB28BD7B98C203FA,public
hash_sha256,6089E28A711E519890B05283DE1E4ABB7B63AA4D09E7AB90A92F65585779FA4B,public
hash_sha256,623EA30EFD9C21026F1A4D3C4EEE67BF489EFFC5BF7F50B331A06E1F164DA6E9,public
hash_sha256,62FDC4B159AD1B4225098276E6F2DCF29D49D9545AC9575D4FF1F6B4F00CDB65,public
hash_sha256,630B1879C2E09B2F49DD703A951FB3786EDE36B79C5F00B813E6CB99462BF07C,public
hash_sha256,6781FD694160090EE43C11D0B29D94DC84B8C399E610D4947FAFDE5C9744CD57,public
hash_sha256,684D2D50DD42E7BA4E9BD595E9B6F77EB850185556C71DB4EDA6F78478A5E6FB,public
hash_sha256,68E389CB7C7C9E53BD32769C480B8E44E7C05381A9899E0BCA06CCF1787B3A93,public
hash_sha256,6A7B619F6DA998119F5AD8D2F6173BAF101BB063F44CBE3487ED8F3C67F60E8D,public
hash_sha256,6ACA8B5AD302F53D2ADF7BF7D1D50CE9BEB978605C0825829BE69AA7C6E109EC,public
hash_sha256,6D02EB3349046034CF05E25E28EF173C01D9E0EA1F4D96530DEFE9E2A3D5E8A0,public
hash_sha256,6DD776C16C704ABED1E6AE6FF3848690B5B3E28B4180875238F0C1308F023AAC,public
hash_sha256,726171F87B348A13975AC9FF8A1EB05A3A13D602DA09D7EA8C68F277D97BF67D,public
hash_sha256,73B913C046150AEAAF1F3308B7E37FBA4FA3B5D792C5DBB8C5890E908B290BD0,public
hash_sha256,77C0DC05BF0882145ED320DC2906C0DD5EFA766DBAEACF7C74F05C0472DEC4A1,public
hash_sha256,78CC0600C65D3556D5897EC90F08BB062782AA8E0B6FEF869AD8EACB90EE5FCE,public
hash_sha256,78EA83BFBCA85A39E59FA35C8F704873F3FDAD3A5278430E75286247530042B8,public
hash_sha256,7B671EB157D4126F8818EA2CBA39ECF7922ACDDBFE213A190B393023BEFDEFFD,public
hash_sha256,7CA3F2505E1778E6DE3927571BA49D27B36447E6C28A60161D55FD2254966BCE,public
hash_sha256,80140052A769AD5F092676C92DB6EDDEF8760D27C90D86127EA8AEE0EB00FC43,public
hash_sha256,8427DC6E7DA4C163D20C7F188232CF3F83C78DDB6FCAD04CEC84B33E0F9BDFC0,public
hash_sha256,84B438FAC113615C2E81F440DE2CAFA4E2CCD74ADC4867D73DF30BB9D01DCDB6,public
hash_sha256,88CC579613730F847F72E28B4E880BD8104EDF6D6AB37FFA0D18F273889D1A40,public
hash_sha256,89534F86AB5DAAF55CE818872960EAA4EB64F4CC19118FEEA690638BF1156528,public
hash_sha256,8A4C7895114C65D9174AE744AEFF93024214D9BBC76CAFD3E9F21FFBCE8EFDF4,public
hash_sha256,8A638A788ADB0EDB6622B16FD8783BC225470F8FF94B1BBA4A94B4D8C105ACEF,public
hash_sha256,8A651D9942C7A2FFD18061CBD2BEB0270FA75FCE4D843732F3A7E04AA7F066ED,public
hash_sha256,8ACB7292C2B1163746296941977D191EF8D5FCF8BD646E4F5C4AB8718FE7B866,public
hash_sha256,8D47C4F9D38345F1E680BFDBCF9A8BDFDDCEB6F72B168E525BCE3442E5FAABB4,public
hash_sha256,8FE15DB736B045D5C52BFD378C8CA0429D0A13BACC733C0FCE01D51ABE8266A6,public
hash_sha256,91F912195E3D1D226697A498F322C112B6BFC2650A4FA23F7E975E7E08200C2B,public
hash_sha256,92183F89B115881535B1BF1985F3EE4B4EBF077BEC8CC4DE0C6C6E266DA0CB87,public
hash_sha256,923F4618105ECF77FCA9BCA4B2EAC1DED8FC58CFE1D0A371DBA1710617ECE2F1,public
hash_sha256,92F961D3CB29EDA1214C24C0F882F49FB9E43885F696EBEC2891380E6E4EC400,public
hash_sha256,944629E4B9B51CC09A48FDCAEDA71C8EE4095BF46439110AB8EF2578C54A12B4,public
hash_sha256,9691F4B9C935F0452D409CF755F3DDAD343D8695316F8DA9595B64DD32181A04,public
hash_sha256,99E41A43C22B65A019C22E624F34E46588BA513E4BFF3A7BB23464D866A9830C,public
hash_sha256,99ED4DF9EC65131974B87DD8FD4A0A782AEC3382AB42FE54498C7A992FF03846,public
hash_sha256,9A35113E1D9412701D85B5AF01B4AD2B1E584C6E0963E439053808B29B4DA90A,public
hash_sha256,9A921A344913D442430A31A3DC1D01AFF2B416CA601FED68633021FFEFC92FAB,public
hash_sha256,9CA70DA0EA94B3BEA68C9A3259EC60192C5BE1AE7630A08924053168BBF41335,public
hash_sha256,9E1CF99F286827C3F03D4F15E81465080133589E0B75128AC19A7F961FEF268E,public
hash_sha256,9FE8A026B5F41A4D434BB808273B83A364A1994A60E2AB7E232A31BF2B76A33F,public
hash_sha256,A02506468E632875A2C9C9C16E730B8BDC52F7450B28EE7BD8F5AC014B264E53,public
hash_sha256,A0BFBB40F4B6E6FA275B693205C67E338657C7589AF5415716500A0B2F588473,public
hash_sha256,A120C997FFF43DE7C2D80BB8420FB513D5C4CC25ED551DE590516EAA807F6E25,public
hash_sha256,A19EF7ACE3118FF9E5BE24B388AFF3E56A5BAC0D4069BF8480721E3F4508706A,public
hash_sha256,A2F651D39B8D97221AD36577E9B50BEABDF0AD46AEC0C29B6CFF624E1E2FFD0C,public
hash_sha256,A3D91C4C039E50718D930CD5251E382F0F3997EC63E872539644B8C735BD4961,public
hash_sha256,ADCB591F08F0FEA634D248D2E631C93C65F7BA03BB95FD614BDA1E5FA95AE140,public
hash_sha256,ADD3E9A1C6654D1EC9B7FD0FFEA6BDCD0EB7B3E4AFA70C6776835CC238E8F179,public
hash_sha256,AE471E8035D65784507DCB6FF5A1904A571664A33334962927AA6D6A190D7F57,public
hash_sha256,B050E84EC408E43BAE67A4624F95B1594022E79C7A8EE745DD7D36ED2EB2A397,public
hash_sha256,B4152DD07BB8CE7786C3AF03B24F55EDA307E2BB1901D688678FC2FD91FBF680,public
hash_sha256,B6CCDB7FD20102480CA77A925B46F880DDD7C53A5094B7E48E9BD27AFAD51FBE,public
hash_sha256,B76724F885AA00040050806D37F1603439868F9D8FB7329A38DB0948B1075641,public
hash_sha256,B7DF1E956EB9C7F7F7F3DB05717B276CABA722A158EA01FBAEAFAC69B078BB0A,public
hash_sha256,BA1DB0CD812E3996917A5D53FCA6100D97747E691192257E551C51801BE6FB07,public
hash_sha256,BC83C4702839FE14D7D7268F43384E8C5110ECE846C0DBB182247C3849562029,public
hash_sha256,BCB6E044F9C5B0DD1613AFE779EF374C215556E408648C163CA9C7E61BD012E1,public
hash_sha256,C02E57C49D940A279852109A06C19A78052DD51300975037413133C1A79E97AC,public
hash_sha256,C2153AB1A1321ABB704FD815A2682F83BF6D5B16EB4DE126C6C85C5373CB11AC,public
hash_sha256,C27CF714293C496C8FC05B330A57BCFCB6189267E2818062660DE88B0F3A25CD,public
hash_sha256,C386BCE3DE6854BD1424467242F9CF95271DE39890B5A2FB3E884E509B1B03C6,public
hash_sha256,C55CE2239E6C528DAC9F0E2337D778E384E8BFB8AF8467FE75F65E79E6BCE1FE,public
hash_sha256,C6708CAD7EE1BF37F657DC57B331FE56B551205F9465F1002BCBF36A649A78BC,public
hash_sha256,C8BB0DBC952C9DC2BBC550A300ED033AD5D2416390891ED1E800B08AD3AB5D3A,public
hash_sha256,CA0E531114A9F606966E37CC0F3332F891BD7F360B79E3ECE8FE392FA7D0A13F,public
hash_sha256,CA7790976EC18A6D9D9FA65D09C933944F5A11AD28AFBC5518C3D2880C3F9076,public
hash_sha256,CADA4004137937DEF9F2A8F6526E012F6CB7DC0F7020A4976635C7071C82BEAF,public
hash_sha256,CAE156D492A4AA07E3D3E4B15F843308C09DF7F2C8BF44D9E7093B4393E01FE1,public
hash_sha256,CD2B320433843D4D694AE8185C7EF07A90D7DCE6D05A38AC4481AD2EAB9BCFE5,public
hash_sha256,CF7791940DBACFC11474A3EC75FD761CB7D5B02B3B2B5AA4DA44F3B737360E69,public
hash_sha256,CFB2DAC2D9892E916A8B3BF2DE604D7D9F8C670810EBEB9C1F9626AA8AB4E453,public
hash_sha256,D0C6F5D916933A1F8D852CA42163FF50BFE07132FCACAC03DB7D20F573284208,public
hash_sha256,D23577500AA01105387EEE9D1354A5A2830932C7FB801C72AA6DF37D78EE1C8A,public
hash_sha256,D26AA72FD238C0408FD365B96D8AA9662BE3D4C9D479309BEF428E34831AAF42,public
hash_sha256,D28C67736169AF47753B5D92D82E239DC4E2B9FF03A633E5D32C8C3287E7B293,public
hash_sha256,D36EF38009DAB4BE287978190F824245D40BD2B6B6B101BA5FE37BFF80662CF6,public
hash_sha256,D440486C79A80FBA7A8472298C3FDA7E5866B63ED67871C4864040F3384A541E,public
hash_sha256,D61711BA2ED54C3EDA4BD6519DDE16EB93BF9BF79F484D70C96189ABE9ECB1C9,public
hash_sha256,D7A66FD37E282D4722D53D31F7BA8ECDABC2E5F6910BA15290393D9A2F371997,public
hash_sha256,D98BF95BA605F725C86E0375535DD9617E26E8636973EC4B7F8B6BB4323854E0,public
hash_sha256,D9DF41225AE908270B11F51D92D740CBFC70209179F945ADE83CEE7D4C523EA8,public
hash_sha256,DA27B3619E958D58F0A8867D765421328632B834B3A18955508609A3028A96DF,public
hash_sha256,DC847BE4793C40E215346F40B7A9F9788F1D2A506050CECB05789DB5DBB622DC,public
hash_sha256,DEC534AB858A71575A3836B96D0F96DF89EB8BA50F9BC69350FAA0F7BCCCFD25,public
hash_sha256,E03F6F8D0CE9ABDDA3E3FFF801BABCD4448A567F330C4CAC498FEC39652F3C77,public
hash_sha256,E1D0A7EEC7879109C1791C3394FB3D0187144DC0ECFA4C3286A4167809AC5EEE,public
hash_sha256,E265D06735E97ED021731F4D4163E13CE11BF572B44A1A4318CD22671D7EFC9C,public
hash_sha256,E310A1B264912AE886CD956ABC42DEE846455A99F67C3EA8336A202240BD7DFA,public
hash_sha256,E57BDFA8DCD5D8D67636DC3A0F8B64B30887D740C45DFE06952F068276305154,public
hash_sha256,E64E22B17B67B7DB6E95849F9951EA8F0E9666C7154A53BD9D316ACA374A839D,public
hash_sha256,E738BCA5CC1D0C635AF58ADBB1CEB319275247672F4FE8A9A3384E3944F8C9EB,public
hash_sha256,E7FDEE4FAB59F8C4351E3C9E0A478803DF9C7AC5F9163D13F476D9BB4ABCE5EE,public
hash_sha256,E852D254395EF04308BCDE37C3EE9725AB23CA82A202E7D69028C8BEE0F0D05F,public
hash_sha256,E8A1E561FAAA41FAB3B4490B92327998541B9E225A616132C4EAF5F1902D48A9,public
hash_sha256,E8C8F74AE15E7D809D9013BDFA2A10DD54E00D4EA5FF4ED6CD4A163B80D2D318,public
hash_sha256,EB78679176CFB8FB34F0088E36ECA23643BECE992D92EE8270403199E8E24858,public
hash_sha256,EE8D452A1CC9BCD7E0F002A901A4CE63DDF98C0E13CBA415F7325CD9CDCCF0B8,public
hash_sha256,F2EE357C18FB1A3D229A365023456B4CE561DB62E761E427FEF638EC0F371EDE,public
hash_sha256,F42DAEFE546B9079BAB9FAC2F17311E96EB3F0D2CA3AF01867311EFAC2B8E757,public
hash_sha256,F6FF943FBB0244A8A943FAB6DAE7E990F12B23F3EB9C2AADEC7B531FAF070EC9,public
hash_sha256,F810650E0735B8261F9FF7C76AC27380F561591C54932740BD5755383F56D57E,public
hash_sha256,F8A31715840852E8EF04016B31F909123F2AA864F3850C45EB511FD1885B4037,public
hash_sha256,F8A99695A5E74844E5E8C75E87803EFC76AA8D57640CF6FA712B5D03C64FEA38,public
hash_sha256,F94B5C9B381E556BCAB6F865232D738D39E4733FCD21D3794D1C0ED79EF83B94,public
hash_sha256,FB5F8192D6F2CA52D91423164DB8F405E5C4A4E0CC74BADA9292211EEC127EAC,public
hash_sha256,FCC19BEE18C570A38276FEDEAA1A10E66EFA2F21751E796EF1E498B0F7FBED31,public
hash_sha256,FEF95170930E90F28982D70F399B12FD1BF59ACAB7C041091F70CF16CA6ECBAC,public
hash_sha256,FF1BE55FB5BB3B37D2E54ADFBE7F4FBBA4CAA049FAD665C8619CF0666090748A,public
url,http://egovservice.in/dssrts/helpers/fonts/2024-National-Holidays-RH-PER_N-1/lns/2024-National-Holidays-RH-PER_N-1.pdf,public
url,http://egovservice.in/dssrts/helpers/fonts/2024-National-Holidays-RH-PER_N-1/lns/clinsixfer.elf,public
url,http://instance-i4zsy0-relay.screenconnect.com:443,public
url,https://apsxsecured.screenconnect.com/Bin/SecuredOnedrive.ClientSetup.exe?e=Access&y=Guest,public
url,https://egovservice.in/130521/13,public
url,https://egovservice.in/130521/set_authority,public
url,https://egovservice.in/cmc,public
url,https://egovservice.in/dss,public
url,https://egovservice.in/dssrts,public
url,https://egovservice.in/dssrts/helpers/fonts/2024-National-Holidays-RH-PER_N-1,public
url,https://egovservice.in/dssrts/helpers/fonts/2024-National-Holidays-RH-PER_N-1/inst,public
url,https://egovservice.in/pakora/egovservice.in,public
url,https://egovservice.in/payroll_vvcmc,public
url,https://egovservice.in/testformonline/test_form,public
url,https://egovservice.in/vvcmc_safety_tank,public
url,https://egovservice.in/vvcmcrts,public
url,https://egovservice.in/vvcmcrtsballarpur72,public
url,https://femaxpipeworks.com/LgGxTNCi,public
url,https://modspaceinterior.com/wp-content/upgrade/01,public
url,https://modspaceinterior.com/wp-content/upgrade/01/NDC65-Updated-Schedule.hta,public
url,https://modspaceinterior.com/wp-content/upgrade/02/NDC65-Updated-Schedule.zip,public
url,https://nhp.mowr.gov.in/NHPMIS/TrainingMaterial/aspx/Security-Guidelines,public
url,https://nhp.mowr.gov.in/NHPMIS/TrainingMaterial/aspx/Security-Guidelines/wont,public
url,https://updates.widgetservicecenter.com/antivmcommand,public
url,https://vmi2492020.contaboserver.net,public
url,https://vmi2500223.contaboserver.net,public
url,https://vmi2511206.contaboserver.net,public
url,https://vmi2511216.contaboserver.net,public
url,https://vmi2526272.contaboserver.net,public
url,https://vmi2527550.contaboserver.net,public
url,https://vmi2529183.contaboserver.net,public
url,https://www.mediafire.com/file/ngb9r5swxbuz7xp/Ficha91159905YGSU02704481_2025.zip/file,public
url,https://www.mediafire.com/file/qfyr6978p7s5nf2/DB#78613179435_SGJ9345624.zip/file,public
hash_sha1,02AEBC3762E766BE0AC24EF57A135398344A8F7E,public
hash_sha1,04AA241C574F0A7EC93BA5D27807D8E78467F21E,public
hash_sha1,16F94F0DF6003F1566B2108F55E247F60A316185,public
hash_sha1,1DB21DBF41DE5DE3686195B839E74DC56D542974,public
hash_sha1,28765121730D419E8656FB8D618B2068408FE5AE,public
hash_sha1,291AF8ADF6FA078692D0BF5E0D9D00C376BB3FFF,public
hash_sha1,316AC8215095A24429632849407311B18A16E0CF,public
hash_sha1,351FEBD645C66A3C9A79253D0AEFCCE8FF77054C,public
hash_sha1,3771319BE1C8883610C65977811E93B0BDADDF6F,public
hash_sha1,4181BC848A1CD32911A83E02FEAC9B8ABBD69AE2,public
hash_sha1,43B4DBC71ADA99A7B8A8D6D0490BA5526A34F9A0,public
hash_sha1,4B1EA5E7B28EB110D8741B76D34F7DBAE6F13B79,public
hash_sha1,4C89BEAB00E3119CF516D6F98D364A5D99232181,public
hash_sha1,5DDCBE4B591293F7B34FC0EF65DB6248BCC67EB6,public
hash_sha1,5E42C6D12F6B51364B6BFB170F4306C5CE608B4F,public
hash_sha1,6227CB77CB4AB1D066EEBF14E825DBC0A0A7F1E9,public
hash_sha1,64171D46C8290C5CD88E0FBCE9E23DCECBE20865,public
hash_sha1,65E4D507B1DE3A1E4820E4C81808FDFD7E238E10,public
hash_sha1,76E93C97FFDB5ADB509C966BCA22E12C4508DCAA,public
hash_sha1,7AB39D7AAD49ABB0F626383ED776FE20A3B4C8F3,public
hash_sha1,7DD0131DD4660BE562BC869675772E58A1E3AC8E,public
hash_sha1,84132AE00239E15B50C1A20126000EED29388100,public
hash_sha1,88075BBC34655D1FA2A750F3BBDEE38214974009,public
hash_sha1,8B5844FCBF6AF23BC0B410FC180E7E6BDD4F35C7,public
hash_sha1,8EBE1A71AF1061D9E943BDFF46C5ED954D8C9348,public
hash_sha1,937F6068DF4E091CF92D50AFB3C6B7CAD1DE6230,public
hash_sha1,9BB8977CD5FC7BE484286BE8124154AB8A608D96,public
hash_sha1,9BDEA37835CDB7F0B291891386AF28184AC85F79,public
hash_sha1,9CA72D969D7C5494A30E996324C6C0FCB72AE1AE,public
hash_sha1,A6B66B8B7EAE2969FD7237888D30766BAA1B2274,public
hash_sha1,BE47B0C2FB328A338874F6EFBE8305DDB74F6A48,public
hash_sha1,C38FC109E31C9D67A1EFC6CB767F826B7E46FB19,public
hash_sha1,C54E214810CA7042D013845076B0360BDD7132B2,public
hash_sha1,C83651D7706EFA8C115F2A0EDB07F863F4E79CE5,public
hash_sha1,D53B7D0030A095A3FFA4B67D13DE82D08ADDA248,public
hash_sha1,D61BF187C4CD3F9953B567B3AD320B9ECDE1C347,public
hash_sha1,D9037E0DE902E6F7B6C5F1B3269BA482F5E67C8A,public
hash_sha1,DC94EAA39E11F2CA7739D2CFDED9EEC1967F33EE,public
hash_sha1,DD8DB29E90C6B52EE3D2723CC168CF33EE0BB521,public
hash_sha1,E17DDB6515F2D399552245191F98458B68FECE7B,public
hash_sha1,EF03B84048193A158ECF1F7033AB0CC8869DD2A5,public
hash_sha1,F61589B1F86D8692964A6BD3E96DDADBE22994EB,public
url,http://124.221.120.25:2222/vs666,public
url,http://162.55.47.21:8080/1742688720,public
url,http://45.61.136.228:8080/recaptha,public
url,http://47.97.176.108:8887/?a=l64&h=47.97.176.108&t=ws_&p=8887,public
url,http://64.95.10.95:8080/misteams,public
url,http://64.95.10.95:8080/recaptch,public
url,http://ciscocdn.com:8888/supershell/compile/download/x64,public
url,http://ebhmkoohccl45qesdbvrjqtyro2hmhkmh6vkyfyjjzfllm3ix72aqaid.onion,public
url,http://images.windowstimes.online/?a=l64&h=images.windowstimes.online&t=ws_&p=80,public
url,http://lin.c1oudf1are.com:42323/?a=l64&h=lin.c1oudf1are.com&t=ws_&p=42323,public
url,http://lin.huionepay.me:2086/?a=l64&h=lin.huionepay.me&t=ws_&p=2086,public
url,http://lin.telegrams.icu:2086/?a=l64&h=lin.telegrams.icu&t=ws_&p=2086,public
url,http://topsportracing.com/az10,public
url,http://topsportracing.com/wp-az,public
url,http://vs.gooogleasia.com:8443/?a=l64&h=vs.gooogleasia.com&t=ws_&p=8443,public
url,http://www.bing-server.com:443,public
url,https://airbluefootgear.com/wp-includes/images/xits.php,public
url,https://album-anthony-rn-submission.trycloudflare.com/25423565,public
url,https://apple-online.shop/ChromeSetup.exe,public
url,https://apple-online.shop/MSTeamsSetup.exe,public
url,https://apple-online.shop/MicrosoftEdgeSetup.exe,public
url,https://dc-broader-green-norwegian.trycloudflare.com/12341234,public
url,https://diff-beats-belize-chapter.trycloudflare.com/12341234,public
url,https://ecologilives.com/additional-check.html,public
url,https://egift.activationshub.com/gift-card/view/8lPFUrjq1LGzg7JHwS8hJJRdL,public
url,https://forest-offensive-height-letters.trycloudflare.com/12341234,public
url,https://lcd-add-palace-switching.trycloudflare.com/12341234,public
url,https://metro-offset-imposed-behind.trycloudflare.com/ytjstast,public
url,https://microsoft-msteams.com/additional-check.html,public
url,https://microstteams.com/additional-check.html,public
url,https://phones-pichunter-businesses-drop.trycloudflare.com/12341234,public
url,https://pub-motorola-viking-charger.trycloudflare.com/12341234,public
url,https://santa-reflection-capitol-classifieds.trycloudflare.com/12341234,public
url,https://spa-step-hopkins-islands.trycloudflare.com/erfgtrtt,public
url,https://sso.officefilecenter.com/signin?sso_reload=true#,public
url,hxxp://topsportracing.com/wp-25,public
hash_md5,030F54E96DB8A7EB0601976CC7997748,public
hash_md5,06EC9CBAB0C3B1B47E7686AD40D07987,public
hash_md5,0AC59D2C40EED713F35C3A1A0BAA846B,public
hash_md5,0B04A2D692E0679243660865879628B2,public
hash_md5,13903BFF189171D7DA957A50C6FC5840,public
ip,193.143.1.24,public
ip,194.127.179.157,public
ip,45.134.26.24,public
ip,45.135.232.24,public
ip,45.140.17.24,public
ip,91.212.166.24,public
domain,address-4-72.top,public
domain,adffew.top,public
domain,aiisoi.top,public
domain,airbluefootgear.com,public
domain,api.jquery-release.com,public
domain,api.thaibit.io,public
domain,apib.googlespays.com,public
domain,appexpress.top,public
domain,aramexaene.com,public
domain,at-post.icu,public
domain,attdomhomepage.com,public
domain,auspoust.cc,public
domain,autopistes.asia,public
domain,belpost-by.lol,public
domain,btt.evil.gooogleasia.com,public
domain,btyzywlp.top,public
domain,busine.cfd,public
domain,business-poste.top,public
domain,canadaapoost.com,public
domain,cdn.clublogos.io,public
domain,cdn.jqueryversion.net,public
domain,cdn.leaguehub.net,public
domain,cdn.logoeye.net,public
domain,cdn.soccerlab.io,public
domain,ceska-post-a.blog,public
domain,chamge-a.top,public
domain,chroonopostfrr.click,public
domain,coeetrttgroup.cfd,public
domain,com-billsgowkx.xin,public
domain,cootrut.site,public
domain,cttpacks.click,public
domain,dpd-pack.xyz,public
domain,ecologilives.com,public
domain,egiuw.top,public
domain,eltade.cc,public
domain,en.stockslab.org,public
domain,en.wfinance.org,public
domain,entelclws.top,public
domain,epgovc.top,public
domain,estafetau.shop,public
domain,evriuk.top,public
domain,ewdfb.top,public
domain,fexpres.lol,public
domain,forurbestexper.com,public
domain,fwedsfg.top,public
domain,geopostl.cfd,public
domain,globeefd.top,public
domain,hanypost.top,public
domain,hketoll-etc-hk.top,public
domain,https.sex666vr.com,public
domain,indiapost.top,public
domain,info-trackingcoi.cc,public
domain,inposttrack.click,public
domain,isr-aelpost.sbs,public
domain,ks.evil.gooogleasia.com,public
domain,lietuvospost.help,public
domain,mapxis.ink,public
domain,mcafeecdn.xyz,public
domain,mndot.us-etce.cc,public
domain,mondialrellay.live,public
domain,mtls.sex666vr.com,public
domain,mxups.me,public
domain,myhermes-at.bond,public
domain,myinfoaramapay.com,public
domain,mys-jtexpres.cyou,public
domain,nzposst-co.top,public
domain,phlppovd.top,public
domain,post-isl.sbs,public
domain,post-track.help,public
domain,post-word.top,public
domain,posta-romanam.cc,public
domain,postah.cc,public
domain,posteit.cfd,public
domain,posten.top,public
domain,posti-fifi.top,public
domain,psocygb.xin,public
domain,samsungcdn.com,public
domain,serviciopostalgobec.pics,public
domain,sex666vr.com,public
domain,shant.fun,public
domain,singpposts.top,public
domain,slpostgovls.xyz,public
domain,slvpostgob.ccsv,public
domain,smbc-card.shop,public
domain,smseexpress.cfd,public
domain,spl-express.help,public
domain,start.bootstrapcdn.fun,public
domain,telkomssel.ink,public
domain,tepco-co-jp.online,public
domain,thetollroads-errp.top,public
domain,thetollroadsll.lol,public
domain,tigo-gtmc.top,public
domain,trycloudflare.com,public
domain,update.jquerycloud.io,public
domain,vs.gooogleasia.com,public
domain,wg.gooogleasia.com,public
domain,www-claro.top,public
domain,yhvxm.icu,public
domain,yurticikargoy.cyou,public
domain,za-post-word.top,public
hash_sha256,045C041354A6D6B47E91E1124A7DC77397C18E0695CCBC73F87B12A0A1079D46,public
hash_sha256,04BAE0045B86456D6000378A2E37D58B1FA617101543AD23BCEC862300B87BE3,public
hash_sha256,05313E81E28F4C4A13E5F443CD2641181D5DE95CDC7E450E097EE23C09758A15,public
hash_sha256,05C99F2C1A218CE4A985FD03A3A510C2EAF08EF4772F93EF4F2D5DA6CD9B86A1,public
hash_sha256,074D26B9B128BE8E4A77D73DCAC31307F28B0E8B8097622C02267BE349FE4B4F,public
hash_sha256,09793A85D372F044FE53C4B47C47049C6BC13D1141334727800B2E32E6D92342,public
hash_sha256,0E0A647B3156D430CD70AD5A430277DC99014D069940A64D9DB1ECD60CA00467,public
hash_sha256,17DB9D121FB3EB5033307FDB53DF67402BCBC9D8970F45D8142B78C83769B7AF,public
hash_sha256,19A4339A4396E17FECE5FD5B19639AA773C3BB3D8E2F58EE3B8305B95D969215,public
hash_sha256,1F568C2EAA8325BF7AFCF7A90F9595F8B601A085769A44C4FFA1CDFDD283594C,public
hash_sha256,28C3C50D115D2B8FFC7BA0A8DE9572FBE307907AAAE3A486AABD8C0266E9426F,public
hash_sha256,2F03B5D1081DFDE3D1296DACE404B362188B4A941530746D7B14711B42BC53AD,public
hash_sha256,47E997B85ED3F51D2B1D37A6A61AE72185D9CEAF519E2FDB53BF7E761B7BC08F,public
hash_sha256,61D092E5C7C8200377A8BD9C10288C2766186A11153DCAA04AE9D1200DB7B1C5,public
hash_sha256,61F8224108602EB1F74CB525731C9937C2FFD9A7654CB0257624507C0FDB5610,public
hash_sha256,62971070D6A8B9FCA8A50B9CD8E91545BFCC2C2B6665F134C112081F54E6BF31,public
hash_sha256,6C054F9013C71CCB7522C1350995066EF5729371641A639A7E38D09D66320BF4,public
hash_sha256,6E4CA569AB809BA3545860D26180316366803C231A2E3A66B4906ADC5826A397,public
hash_sha256,71F773B4E9178DCEDD402C94FB9384AEA6312D8A93F95F3F9DC1249FD4933658,public
hash_sha256,7501623230EEF2F6125DCF5B5D867991BDF333D878706D77C1690B632195C3FF,public
hash_sha256,7D9F3701BF6F43AB84CE02CE4915DC0703504263DB2E1EB65F4F7C791565F731,public
hash_sha256,80625A787C04188BE1992CFA457B11A166E19FF27E5AB499B58E8A7B7D44F2B9,public
hash_sha256,8251186B3196E3FEFB0DBFCF71DFCCC2C1CD66515686C9AF8A6FB48766C739C6,public
hash_sha256,888842BC1F6FCB354431919080858C623DEF305BED2214F11B93591859D4DEE2,public
hash_sha256,8E273E1E65B337AD8D3B2DEC6264ED90D1D0662BD04D92CBD02943A7E12DF95A,public
hash_sha256,91FCF70C1775DCAAAA4D3DE17D87D67976B0CEC9939DEDFB86F093AB388ED3B0,public
hash_sha256,937C533BDDB8BBCD908B62F2BF48E5BC11160505DF20FEA91D9600D999EAFA79,public
hash_sha256,958FF93E92EE8BED7819555603EA612F263C1B9C673566F5C506288B5318EFF8,public
hash_sha256,996C19855BC30012E310944DD72D87376F26FCE086C6F2CEF3CD421CCB0C59FE,public
hash_sha256,A5623B6A6F289BB328E4007385BDB1659407A9E825990A0FAAEF3625A2E782CF,public
hash_sha256,A760E28145620FCCD072A415031CEC4036FC09E8530C93D85F5D1509D62FE551,public
hash_sha256,B35DA0C1A515286A2B3021CF518140A59A63B470A9D611303304918BE9354D68,public
hash_sha256,B36C20C757C4780F89272CE224A29A5A61B62733367893574196DEBDE19383FE,public
hash_sha256,B3A512B9F4705D1947FBBBC42ACCDBD6BD95AF1B07CEC09D75AF501746FECDD5,public
hash_sha256,BE6E5CEDE4E6A8B807062DB211EB3E8825A6CC00D71DDF7BCD63971D76219A25,public
hash_sha256,C3028A3C0C9B037B252C046B1B170116E0EDECF8554931445C27F0DDB98785C1,public
hash_sha256,D1CD8C4574C3290AE16BF4E718C5E89DADEF5B2FD4EEA2211A19A6180FF8EE5B,public
hash_sha256,D4F3D0446E08DBF1A7CCB6DA09E756FF75EAE3B04DAFE2C2A69D6919052D2EBF,public
hash_sha256,DF41085A8AA9EE9DA6A03DB08AD910B6EF5FCDC8FEE7EBB19744331C5E70C782,public
hash_sha256,E307D3E9B8DE59311C692B2AB0EE864F0D469066E041141D577B65B43A4B3FFA,public
hash_sha256,E668E30B4E111E16B4017CD49DD90C39F9988F8A44CD9CC16B95B7B451862B74,public
hash_sha256,E69491A61EBC4A9FFC17884063C69A5489A83DD6D71295B4216962A43242A6C8,public
hash_sha256,E78505DE8436A1D9978FD03A4E374518BE6F3F6F7F4BF18AE59E3F23301CE927,public
hash_sha256,E89BF606FBED8F68127934758726BBB5E68E751427F3BCAD3DDF883CB2B50FC7,public
hash_sha256,EB1CDF3118271D754CF0A1777652F83C3D11DC1F9A2B51E81E37602C43B47692,public
hash_sha256,EB587B2603DFC14B420865BB862FC905CB85FE7B4B5A781A19929FC2DA88EB34,public
hash_sha256,EC189B7CE68CB308139F6A5CF93FD2DC91CCF4432DC09CCAECB9DE403A000C73,public
hash_sha256,F064FDD24C56F2D20F1A6A32FC7EDBD3848F962B25965B788B0DC725EEAB9DB4,public
hash_sha256,F09D7BE7D9E2AFE24A0B507F04A2DA6BDB3D5536C03B1267D8639CE69084701B,public
hash_sha256,F1DF43FE0F95DE6BADFB710827CDC7272E6654F108EF2CFCB2A01ACA089F0624,public
hash_sha256,F613966B6ED1F080AACBA005B1E48268EF662FFFDF9894382299645F42900848,public
hash_sha256,FDD4E0BB2A4475E4E44154D7BF29490DE98496553AF3C8807F999AB8B920263F,public
